GeneID,Intensity.LUAD_phos_03N
RBM47,0
E2F8,0
UBA6,0
ESYT2,689361691
ESYT3,0
MED19,246749116
UHRF1BP1L,379656474
KIAA1598,0
LNP1,0
ARHGAP10,0
CCDC64B,249028116
MEX3A,0
C1orf226,246532116
PLEKHG3,868402307
SH3PXD2B,123768758
FRMD3,0
CXorf23,126131558
NBAS,275685716
TESPA1,123205658
KIAA1467,129941058
DENND3,0
SBNO1,0
KLRG2,125952458
RAB19;RAB43,0
SH3D21,377887974
XIRP2,0
POTEF;POTEI;POTEJ;ACTB;ACTG1;POTEE;POTEKP,0
POTEF;POTEI;ACTB;ACTA2;ACTG2;ACTG1;ACTC1;ACTA1;POTEE,122968958
POTEF;ACTB;ACTA2;ACTG2;ACTG1;ACTC1;ACTA1;ACTBL2;POTEE;POTEKP,262558816
CCDC151,0
CNOT1,0
ARHGEF35,0
ARHGEF35;ARHGEF5,0
BDP1,133190858
CCDC88B,250564816
FAM83G,0
PALM3,650287591
SOWAHB,0
ZNF316,263081316
TLCD2,0
CCDC69,122458158
WTIP,121904948
PCNXL2,0
CCDC85C,122600058
PCP4L1,0
TRIM64C,0
BTBD11,0
ZSWIM8,0
ARHGAP32,0
DISP2,0
TBKBP1,0
POM121C,246740316
POM121C;POM121B;POM121,0
POM121C;POM121,0
EFCAB7,0
NEURL1B,0
NCF1C;NCF1;NCF1B,0
FAM171A2,0
WASH4P;WASH1;WASH3P;WASH2P,0
WASH4P;WASH1;WASH3P;WASH2P;WASH6P,0
COL6A5,0
MYO1G,122033328
MYO9A,122062248
SMIM1,577798232
TMEM229A,0
PPP1R3G,0
TMEM238,0
FAM195B,125183958
NACA,0
CNKSR3,0
CNKSR3;IPCEF1,0
AGPS,124113558
KIF2A,0
DDX39A;DDX39B,0
PDLIM1,122440358
MYO1C,140727858
SNAP23,405745374
FXYD1,0
GTPBP1,0
STXBP3,122641858
ARVCF,512706632
SMAP,136412858
RAB27B;RAB27A,0
AP3B1,163305858
SULT2B1,0
NFKBIE,0
PSMD11,126426658
MEN1,122276758
CBX4,0
SUPT5H,371952574
DFFA,0
RFXAP,0
HIP1,122457158
CLIC1,0
EIF3F,0
WWP2,0
ARNTL,0
PIK3CD,0
PDHX,0
QSOX1,0
FOXN3,0
IPO5,0
EEF2K,0
EML1,0
DNM1L,125425858
PIK3C2A,269796016
LST1,260085316
GOLIM4,138874858
MEIS1,138169858
ELL2,0
BTN3A1,0
BIN1,248631416
CLDN5,0
KPNA3,130145458
STK25;STK26;STK24,123897958
BCL9,0
LAD1,123767958
EBAG9,390532858
SDCBP,124670458
PITPNM1,367814264
MPHOSPH10,529759522
NOP56,674547391
PEX12,195996858
KPNA4,124794158
NFIB,511167932
ACACB,0
SCD,122464158
PPAP2A,0
PPAP2B,125794058
ARID1A,631098791
BHLHE40,0
C2CD2L,245248716
FCHO1,0
TRAFD1,276514716
HSPB6,0
CIT,0
COPE,124352458
CDC42EP2,124009358
AP3D1,254166516
ENPP3,0
ABLIM1,1575813182
DVL1,0
DVL1;DVL1P1,0
CHD1,0
CHD2,632221501
STX16,122083678
EI24,246873656
TP53I11,296392858
KMT2D,1003823136
RGPD8;RGPD5,0
RGPD8;RGPD5;RGPD1;RGPD2,127562658
RGPD8;RGPD5;RGPD1;RGPD2;RANBP2;RGPD4;RGPD3,0
RGPD8;RGPD5;RANBP2;RGPD4;RGPD3,0
PDCD5,0
SLC9A3R1,555254632
NRP1,0
TNPO2,0
APOL1,258382116
UNC13B,251954916
RASGRF2,0
SCAMP3,368611716
BACH1,0
BCKDK,0
IRF6,0
GIPC1,0
IKBKB,0
RGS12,125704358
CASK,0
PPP1R12A,374906174
GAK,375557074
ZNF263,0
HNRNPDL,124155658
XPO1,0
ARHGEF10,123940658
ZNF609,123412458
ZNF646,122982958
PDZD2,244607576
SPTBN2,0
MAST4,121850538
SEC16A,944809807
PLXNB2,123040558
AREL1,251328516
KHNYN,0
U2SURP,246584346
SETD1A,760778149
SYNJ2,0
SYNM,916535207
KIAA0355,0
MCF2L,383598274
DCLK1,0
ARHGEF11,1365930640
FYB,244610976
TBX3,245027516
SCAMP2,428262858
ARPC1B,0
BET1,135629858
TRIM24,372502574
PGRMC2,739029732
CTDSPL,0
SMAD9;SMAD1,0
RGL2,0
NKRF,0
ZNF185,507994762
CASC3,122186858
RER1,310395216
ATXN7,0
MID1,0
MID1;MID2,0
INPPL1,126768458
SLC16A4,0
HDAC3,0
SIGLEC5,122597358
STX7,397787474
TOX3,0
FOXP2,0
TNRC18,375329274
SLC16A3,141721858
SLC31A2,0
ABCC3,0
ABCC4,387343574
ABCC5,245670916
CD3EAP,0
MSH4,0
PER1,123001658
RNF113A,121990158
KDM6A,0
CLDN3,253033716
FFAR2,122623658
ZZEF1,149657858
ASAP2,122408058
RRP8,0
PJA2,0
SIPA1L1,260557316
ARHGAP6,122057528
PHF1,0
GPR39,0
SEPTIN4,411242374
DYNC1LI2,128602158
PSMD3,0
SART1,244942858
SPINT2,0
HSPA12A,121708518
CCP110,122974658
ADCY6,260544216
CTIF,126051058
PPIP5K2,0
MAP3K7,127974058
RIPK2,0
RASA4;RASA4B,0
WDR62,0
PRPF3,151390858
TXNL1,0
TPD52L2,253370716
SYNJ1,0
EIF4G3,124247758
CBFA2T2,245568516
AKR7A2,0
EPB41L2,644402391
TGOLN2,657477101
WIPF1,0
ATP8B1,0
FOXO3,0
SMAD6,0
SGCE,0
LAT,125171858
RGS14,125041658
RNF13,250711516
AKAP10,0
SYT7,0
DENR,122274058
SPRY2,123003458
DNPH1,0
CHMP2A,0
RGS10,0
BUB3,0
AKAP7,0
ACTN4,122637258
ACTN4;ACTN1,0
ACTN4;ACTN1;ACTN3;ACTN2,128793158
PRKAB2,151816858
STX6,123709058
SYNGR2,137647858
SGTA,0
ENSA,121971308
ENSA;ARPP19,0
STRN,128737458
RRP9,385068674
C21orf2,0
AKAP8,246746516
ZBTB14,0
NRD1,0
CALU,0
AHCYL1,0
KIF1C,256397916
TYROBP,125791458
FIGF,121433838
PEX1,261539716
RAD21,0
TIMM8A,0
KALRN,0
DHX16,371963234
SSSCA1,0
PPP1R12B,0
BNIP3L,682177491
SH3BP5,0
PLIN1,0
BAI3,0
MED14,253702516
PCDH7,122379858
PRPSAP2,139982858
SMARCA5,121490778
GPRIN2,0
SPAG9,295554716
SUSD5,0
MGRN1,0
SIPA1L3,123930358
ZFC3H1,0
TRAK2,0
LZTS3,0
KIAA0556,244016026
AQR,0
MAST3,0
ATP10A,0
ZEB2,256225916
MCM3AP,123877758
KIF1B,0
KDM1A,255584016
TBC1D4,126697058
FZD6,251780516
HBP1,0
PPL,837696419
EVI5,0
LY75,0
PLXNC1,160882858
MPZL2,0
ACSL4,0
SNX3,0
DOK2,0
STX10,125751558
MGEA5,125589558
ADCY9,0
SORBS3,261622858
EIF4EBP3,0
NEMF,0
GMDS,0
NMT2,0
GREM1,0
EIF4E2,122557658
CCNT2,0
SELENOF,0
PDE8A,125149758
PDE8A;PDE8B,0
PLIN3,0
SLC16A7,130781858
MAFK,0
PRMT3,0
KPNA6,0
UGDH,0
LPXN,0
SNX2,247840916
DPM1,151697858
USO1,185918858
TOM1,123398058
PFKFB2,0
EIF5B,716485791
GAS7,246936616
BRD4,258790516
OPHN1,0
PPP1R11,498818632
RNASEH1,0
NBN,0
NOL3,0
DTNB,0
LILRB3,149814858
LILRB5,260859216
MITF,0
SRGAP2,0
SRGAP2;SRGAP2B;SRGAP2C,0
NOS1AP,0
IGSF3,0
DENND4B,0
TMCC2,129754958
CBFA2T3,0
LRP4,0
LDB3,0
N4BP1,0
ROCK2,0
CLASP2,124020758
COBL,121708858
CPNE3,0
ZBED4,0
DEPDC5,246096716
ATG13,123157558
OBSL1,0
PHF2,504676032
PHF2;PHF8,0
ZC3H11A,249987016
RAB11FIP3,0
SOCS5,0
NPHP4,123527258
PHACTR2,0
PPP6R2,122171568
CNOT3,0
ANKRD17,245403516
SIN3B,130577258
DNAJB6,124894658
SNN,132557858
VPS4B,0
VPS4B;VPS4A,0
ENTPD3,0
ZNF217,0
H2AFY,249244816
FLNB,253496696
NCOR1,878487507
VAMP4,274348106
PEX14,0
TRIM3,123427358
ULK1,245999316
SLC43A1,123216658
SEC22B,519890474
DEAF1,0
PRPF40A,632986691
TACC1,248872666
GIGYF1,0
LRCH4,403922374
SAP30,0
MED24,136448858
KATNA1,0
ERN1,0
PSIP1,1037801307
SRSF10,490945716
CLDN11,0
TNFRSF21,122928958
TADA3,0
SF3B1,772469749
WBP4,0
SKAP2,122697058
PRKRA,276104916
RPS6KA5,0
MYCBP2,1026487916
NPM3,0
PRDM1,0
REM1,0
SNRNP200,352992858
OFD1,0
TOM1L1,0
RPS6KA4,0
SURF6,123726058
UTP20,145823858
NUP155,419346554
TCEA3,0
PALM,0
GRAP2,124303458
CAPN15,0
BCAR3,0
EIF3G,149540858
EIF3J,259429446
PPP1R37,0
DGAT1,0
CCNK,126437158
DYSF,0
PIAS1,124443458
FLOT1,0
TRIO,0
MPDZ,375181374
CPD,303043716
SASH3,0
GLRX3,0
RSL1D1,136055858
WFS1,123319358
NEBL,270255516
RNF8,0
PDE5A,0
ZFAND5,122020888
SRP72,129338258
RECQL5,0
URI1,0
STK17B,0
ECM2,122631958
MTA2,128417858
USP1,0
STK10,251317616
PRKD3,257984116
PRKD3;PRKD1,257160416
GFPT2,0
TPPP,0
KBTBD11,122429558
ATP10B,0
TOMM70A,126420358
MYO1D,0
TOX4,122876558
MICAL2,0
KIAA0754,123013958
SUPT7L,0
FCHSD2,0
UFL1,125424158
SORBS2,1617955540
TMCC1,266953416
PHF14,395610874
SASH1,743229949
TMEM63A,246039516
FARP2,0
UBXN7,0
SUN1,127833158
PROSC,122313658
PRPF6,0
PCF11,0
FRYL,0
CDK14,0
GLCE,122361458
ABLIM3,250190886
KDM4B,0
KDM4B;KDM4E;KDM4C,0
SLCO2B1,302430016
WDR47,0
TRIM37,122611658
SEC31A,710717491
CEP152,123569058
FAM13A,0
ARHGEF15,0
TJP3,905702207
YIF1A,0
UBR5,273120416
FSBP,0
SCAF4,125693658
UBE4B,0
SCEL,666404491
VAMP5,126016758
RTN3,278801216
ZNF205,0
EPN2,255966416
STBD1,130998558
ZRANB2,395763374
LUC7L3,0
KIF20A,0
MBD4,0
SBF1,0
KAT7,247530106
ABCC6,0
PDE8B,0
KCNK5,0
VAPB,677234591
SNAPIN,0
MPZL1,648850731
PGLS,0
TACC2,121918278
TRIM16,0
ZBTB7A,256843016
MAP3K6,127251058
SLU7,136245858
PGM3,0
RAPGEF3,0
CD2BP2,327801716
MED26,0
ZFYVE9,0
SVIL,1466327740
BAG4,0
SLC34A2,132679858
PARN,0
FMNL1,518137874
CLDN7,124788658
ABCA1,259853416
SEC24B,0
LPHN2,121768358
CBX6,0
NADK,0
SFT2D2,0
ACSL3,0
POLR1A,123547558
PCNT,373624374
CNOT4,0
NFATC1,121771838
ASMTL,254428256
CDS2,585923574
FGFR1OP,244505706
PPP1R3D,0
BRD1,0
POP4,0
HERC2,123310658
HERC2;HERC2P3,0
OXSR1,121651018
PTBP3,0
STARD3NL,556292032
WIZ,121980328
DDX58,0
STAU1,0
TMEM50A,121396988
BAG2,0
BAG3,611084932
MAP4K4,0
AIFM1,251621516
LATS1,122162948
TSPAN13,0
ABHD16A,125131758
C6orf47,0
EOMES,0
S1PR4,123639958
BCL10,0
MOCS2,0
PEX11B,0
PAK4,0
CHEK2,0
APBA3,0
LDHA,0
ALDH1A1,0
CYB5R3,0
PNP,0
ABL1,0
EGFR,515400332
PGK1,0
AK1,0
F9,0
PLG,0
CA1,0
CA2,128146358
SERPINC1,136730858
SERPINA1,0
KNG1,513198316
FOS,122370458
MYC;MYCN,0
PIGR,342251716
HLA-B,130806408
HLA-DRB1;HLA-DRB3,0
HBD,0
HBD;HBB,0
COL1A1,0
SPTA1,638901101
APOE,0
APOA2,124423358
FGB,0
MBP,128590058
GYPA,878198331
SLC4A1,1171035433
FN1,224122858
AHSG,126152158
TFRC,0
FTH1,174376858
VTN,262572816
HMGCR,122959858
CAT,0
RAF1,122500358
RAF1;ARAF,153567858
ALDOA,250083116
ANXA1,126406058
APOB,0
NR3C1,124948458
TK1,0
CD74,126082658
SEMG1;SEMG2,0
GAPDH,0
ERBB2,499109182
TP53,0
SLC4A2,247168516
GYPC,0
ATP1A1,131109858
ATP1A1;ATP1A3,123142258
ATP1A1;ATP1A3;ATP4A;ATP1A2,0
APP,0
HMGN1,389169074
PRKCG;PRKCB,203923858
SLC25A5;SLC25A4;SLC25A6,124426258
ALPL,164059858
ALPP;ALPPL2,125226058
EIF2S1,122030048
ICAM1,132675858
RPLP2,255770416
RPLP0;RPLP0P6,245654116
JUN,0
JUN;JUND,129943858
SSB,0
PRKCB,123085858
KRT18,754747049
UROD,0
FYN,131526858
GSN,0
RB1,0
PTMA,124671858
CDK1;CDK3;CDK2,0
ATP5B,0
S100A9,0
S100A6,0
APOA4,0
ENO1,0
ENO1;ENO3;ENO2,0
NPM1,289430716
TPM3,125320158
TPM3;TPM1,144231858
EPHX1,0
NEFM,0
CENPB,0
P4HB,0
FES,0
CSF1R,122381858
CTSD,121568458
ANXA2,0
ANXA2;ANXA2P2,1004411107
GP1BA,0
CAPN1,0
ADRB2,123805958
BPGM,124161058
APRT,0
EPRS,508810732
HNRNPC,990832291
UQCRH,0
YES1,0
LYN,507362164
SFTPB,123322658
GJB1,0
SP1,0
ZFY;ZFX,123735258
ANXA6,126537958
NGFR,124940358
ABCB1,0
SLC3A2,0
NR3C2,0
HSP90AB1;HSP90AB3P,177518858
SRPR,267695716
MME,130357258
PDHA1,0
PDHA1;PDHA2,139063858
PTPRC,259367216
MET,122892558
ADRB1,0
SNRNP70,125372558
HCK,0
ITGA5,173079858
NFIC,254414466
RPS17,0
ANXA5,0
RPSA,0
IL6R,0
ADRA2A,0
SNRPA,0
HOXD4,0
GSTA2;GSTA1;GSTA3,0
SNRPC,0
LGALS1,0
TPM1,125317358
CLTA,783192858
ANXA4,125932358
CNP,124015458
CD7,121991858
HMOX1,368021594
CSF1,0
PDGFRB,0
HNRNPA1,360415716
HNRNPA1;HNRNPA1L2,0
PARP1,0
ALDOC,0
TFPT,0
ATXN1L,0
POLR2M;GCOM2,121718448
SMIM13,130773658
RGPD1;RGPD2,0
RGPD1;RGPD2;RANBP2;RGPD4;RGPD3,0
HSPA1B;HSPA1A,0
HSPA1B;HSPA1A;HSPA6;HSPA7,0
PGBD3,0
GLI3,123481558
ZBTB48,0
GLI4,0
TROVE2,0
RRAS,123837258
ARAF,0
HIST1H1E,265627176
HIST1H1E;HIST1H1B;HIST1H1D;HIST1H1C;HIST1H1A,0
HIST1H1E;HIST1H1D,140051858
SPP1,0
PTPRF,0
NR2F6,0
NR2F1,0
MAPT,0
PRKAR1A,271136916
KIT,246132316
HSPD1,122809458
CLU,126001058
IRF1,0
HSPA5,0
MAP2,128716958
SLC2A1,476254194
SLC2A3,122437358
EPB41,868477207
PYGB,0
RALA,0
BCR,126027858
ERG,0
TOP1,0
TOP2A,260626716
G6PD,0
ESRRA,0
DMD,622480941
SFTPC,250819816
IGF2R,479240874
SRF,0
MS4A1,0
COL6A1,0
COL6A3,122140188
TPR,248017116
ANXA3,0
BCKDHA,497918716
SKI,0
ACTN1,245866306
ACE,0
CDH1,122384858
SRC,697203632
XRCC6,0
UNG,0
NR2C1,0
GP1BB,387721116
RNH1,123049158
CYBA,0
SCG2,0
CFTR,0
VCAN,216364858
ITGA4,132837858
CEACAM1,0
HLA-A,784246432
HLA-E,0
HLA-DRB4,0
LCP1,281808716
PLS3,0
APEH,0
GYS1,250185416
PRKAR2A,1404674833
CCDC130,124065358
CD99,124025058
PRKCSH,122354658
HCLS1,123538258
PKM,123695858
HSP90B1,123400358
SLC2A4,0
HNRNPL,0
DARS,0
ETS1,0
JUP,247610716
BRAF,123781658
PVR,0
PGAM2;PGAM1;PGAM4,0
IFNGR1,125847458
B4GALT1,0
EZR,122066028
ATF2,372402274
UCHL3,0
FOSL2,123343958
NME1;NME2;NME2P1,0
HIVEP1,0
RPS2,0
TCF4,0
TCF3,0
DSP,126114958
MUC1,268638016
CD44,182049858
ITGB4,244715216
SPN,264074716
CBR1,0
CREB1,251784416
PECAM1,254859816
PPP3CB,0
NCK1,132535858
GCFC2,0
HIST1H1B,458288716
HIST1H1D,212386858
HIST1H1C,657964716
POR,0
EPB42,123775158
MGMT,0
ATP2A2,147701858
STMN1,123882158
STMN1;STMN2,0
YBX3,0
YBX3;YBX1;YBX2,0
ZNF22,184123858
ZKSCAN1,123447658
ZSCAN20,0
HMGA1,541478032
TMEM11,0
IFNAR1,125505158
PRKCA,468804874
JUNB,0
GJA1,393467674
UBTF,0
JUND,0
ATF7,124011358
PRKACA,0
PRKACA;PRKACG;PRKACB,135685858
DES,499328132
PTPN2,123543158
CTPS1,0
PFKL,0
IGFBP3,0
SPI1,0
TCP1,0
PTPN1,256999816
ARF4,0
PTPRA,0
NELFE,0
LAG3,0
PGAM1,243492376
PGAM1;PGAM4,122100428
RCC1,140526858
SDC1,122263858
LIG1,122421558
XRCC1,552842464
PAM,0
MYL12A;MYL12B;MYL9,0
PLCG1,0
NCL,246241816
ELK1,0
TRIM21,0
TFEB,123157858
TFE3,248860616
SLC9A1,630394232
ITIH2,0
NFKB1,0
NCF2,0
TYMP,0
ATP2B1,531732332
ATP2B1;ATP2B2,0
EIF2S2,256089026
CD33,162451858
TPSB2;TPSAB1;TPSD1,0
CD22,122307058
RAB4A,0
RAB6A,126180358
MX2,0
LMNB1,125003358
LMNB1;LMNB2,153858858
HOXA5,0
BCL3,0
CAST,782646249
PTMS,0
CDK11B,125758358
CDK11B;CDK11A,554221432
CSRP1,134046858
FLNA;FLNC,129283458
NF1,370596674
MAOA,123901458
S1PR1,123313058
TNFAIP3,0
TAF1,0
C5AR1,312268616
TBXA2R,256375716
MSR1,126752358
VDAC1,149268858
ERBB3,257930116
TGM2,125384158
OSBP,302949716
FBL,0
CDH3,0
PAICS,0
SCP2,0
UBA1,0
ENPP1,0
FGFR4,123881458
HIST1H1T,0
HNRNPA2B1,124117758
RFX1,0
CBL,0
PRKACB,0
MRC1,126485558
FBLN1,133158858
TCEA1,129705258
SFPQ,0
KEL,0
HRC,498534432
RPS3,167224858
PTPRG,0
PTPRZ1,0
SP100,1228446766
MCC,121783858
NFYA,0
CFL1,136975858
EIF4B,250896316
ATP2B4,255314016
PAX7,0
EEF1B2,291441016
AKAP5,0
IGFBP5,0
PRKCH,132434858
TNC,363336516
POLR2A,750840349
APC,246458306
ADRBK1,0
PTAFR,127939158
F2R,0
MCM3,0
BRD2,0
FAS,0
YY1,129010458
DNAJB1;DNAJB4,0
DNAJB2,121573638
ATP5A1,0
PSMA3,0
MSN,248651616
PTPN3,0
DNMT1,0
U2AF2,292633716
RPL13,0
PTBP1,121310998
ZFP36,124392258
PLN,129417058
IL3RA,0
STOM,249420616
MAPK3,303987716
MARK3,0
MARK3;MARK2;MARK4;MARK1,127521158
ARNT,0
RPA1,0
DCK,0
CAD,0
CALR,0
PDE4A,0
MAP4,707561691
PIK3R1,0
PSMA5,122018618
HLA-DMB,0
CHAT,0
TEAD1,0
SMARCA1,0
MAPK1,306955716
ERCC5,128538658
GRN,0
PTPRM,0
EPHA2,0
EPHB2,123333458
PTPN6,0
SHC1,246662416
ARID4A,0
KDM5A,123085458
TKT,0
NOS3,646620691
LMOD1,276324216
OAS2,0
MARCKS,1443466466
AQP1,368003716
PRDX6,0
PEBP1,0
FCER1G,184011858
CDC25B,0
NKTR,638266291
NMT1,0
HLA-F,0
LRPAP1,123598658
ADSL,123777558
CLIP1,0
CLIP1;CLIP2,130726558
PRKAR1B,0
PRKAR2B,214817858
RRM2,0
SDC4,0
HIVEP2,0
SLC6A4,0
AKT1,0
AKT1;AKT2;AKT3,0
AKT2,0
HNRNPH3,0
HNRNPH1,0
HNRNPH1;HNRNPF,0
HNRNPH1;HNRNPH2,283055416
STIP1,0
S100A11,127870058
VIPR1,0
CCR1,589126874
PYCR1,0
SLC8A1,126775458
ELF1,142927858
ICAM3,0
ACSL1,121673618
KIF5B,0
CSTF2,0
ABCC1,255676516
SDC2,0
EVI2B,493565342
EPHX2,0
HSPA4,0
CTNNA1,791651074
CTNNA1;CTNNA2,899478574
CTNNB1,608912574
BMI1,0
NF2,0
RDX,121749968
RFC1,0
GTF2F1,0
SPR,0
HRH1,246544536
PTGER4,0
THBS2,0
FBN1,0
IRS1,0
MYH10,1483021982
MYH10;MYH11,0
COPB2,302392858
ADD1,1010581949
ADD1;ADD2;ADD3,126489558
BSG,132125858
NUP214,638408591
HNF1B,0
SOX5,0
SOX5;SOX6,122475258
SLC16A2,148212858
GJA5,260739316
MAP2K2,289630116
MAP2K2;MAP2K1,0
CPOX,0
RPL4,0
PGM1,0
ACVR1B,122248258
GNL1,0
ACVRL1,397844274
TGFBR2,128225158
HPCAL1;HPCA;NCALD,0
ZEB1,123052958
TAGLN2,129736958
TALDO1,122449058
RBMX,127166458
RBMX;RBMXL1,144843858
COIL,124752458
EIF4A3,0
COL18A1,0
CAPG,0
CAP2,0
IL6ST,384640134
TXLNA,0
PSMB10,0
PBX2,0
MLH1,0
STAT3,279672858
USP8,128203258
PEX19,0
MDH1,0
ETV3,0
CASR,0
BCL6,125193758
CETN2,151003858
ETV6,411241874
NAA10,0
KDM5C,122115458
PPP1R2,0
PPP1R2;PPP1R2P3,261819616
MAP3K8,0
SLC19A1,253665016
PRKCI,0
ELK3,0
TMPO,802881011
STAT1,0
STAT5A;STAT5B,129434458
ARHGAP25,124247658
MTOR,130145058
PI4KA,247869416
EPS15,683172391
CASP2,0
RPS27,0
ABL2,121883628
FRK,244707976
HELZ,0
RBM34,0
WAS,0
HTT,253543216
SLC1A1,128028858
SLC1A4,0
MCAM,246327916
DCC,0
MATR3,1778226766
GRK6;GRK5,252475016
GPD2,121601578
SSR1,0
RANBP1,0
PSMC4,0
NKX2-1,131276858
VDAC2,140941858
CBX5,123116658
USP5,0
MAP2K4,0
MKI67,0
PHKA2,122564758
PHKA1,0
NOP2,0
ATRX,780835949
CRK,0
BAG6,516473432
NSF,123306358
MAP2K3,0
MAP2K3;MAP2K6,0
RPS10;RPS10P5,0
NEDD4,0
YAP1,656669801
UTRN,763175999
IQGAP1,251916216
PLA2G4A,443136774
RAP1GAP,0
CAPZA2,122846658
CAPZB,247768416
SCTR,0
ZFP36L2,0
LIMS1,0
LEPR,0
RFX2,0
RFX5,122301758
ARCN1,0
IFNAR2,247657756
TRAPPC10,252525276
PRRC2A,244434466
GSS,0
PTDSS1,253008916
CSNK1D,0
CD97,130774958
MARCKSL1,498560092
PXN,663087891
NR2C2,125407058
SLC11A1,0
NASP,0
FMO5,0
FASN,128280658
FNTA,0
FNTB,0
CCT3,0
ARRB1,129040458
CYB561,0
CENPA,302474716
CENPF,0
PCYT1A,285207716
PCYT1A;PCYT1B,121783448
HARS2,0
MCM2,250780616
YLPM1,122585958
RBM25,318152116
NUMB,0
CLK1,255514316
CLK1;CLK4,0
CLK2,0
CLK3,495339932
PSEN1,130570858
EIF2B2,0
NUP153,791964569
RANBP2,1168749384
RANBP2;RGPD4,0
RANBP2;RGPD4;RGPD3,127562658
RGS19,0
RGS3,124183058
PSEN2,127440758
TSC2,375144274
GSK3A;GSK3B,258164216
GSK3B,122772558
TAF6,249363816
NT5C2,0
SEPHS1,0
SEPP1,0
GMPS,0
LIG3,125490458
MRE11A,0
GNG10,373835854
EMD,0
SLC26A2,0
SERPINH1,0
PDLIM4,145059858
PEX5,0
ERF,0
VASP,134874858
DNM2,0
CDK7,127720858
HLCS,0
CDK9,0
LRBA,252092116
BCAM,564140032
CCT8,0
PAPOLA,0
FXR1,0
FXR2,122809458
RAB7A,148330858
RAB9A,0
RAB27A,121494778
SCNN1B,0
PLCD1,126719258
DAP,0
MMP15,0
NOVA1,0
ZNF84,0
SMARCA2,820403549
SMARCA4,509706932
BCAP31,123544458
P2RX1,122039258
TPMT,0
RENBP,0
MECP2,435901166
HCFC1,123885158
CAV2,690908632
ALDH3A2,121984318
HSD17B4,145104858
GPM6A,0
KCNQ1,0
CLCN7,273434716
VAMP7,122236458
RPS6KA3,252770096
RPS6KA3;RPS6KA6;RPS6KA1,124781358
PRELP,0
CCNH,0
MNAT1,0
NEK4,0
HNRNPA3,0
PGD,0
HNRNPM,127491558
KPNA2,0
NCBP2,0
JAK3,0
ARHGDIA,0
SLC7A2,0
AGFG1,123088458
HNRNPF,0
STAT2,0
MSH6,123078558
KIF11,0
VAV2,0
RBM5,251196516
EFNB2,0
DGKQ,0
CAPZA1,0
HMGA2,0
CRIP2,0
NUP98,871449749
BLVRA,0
SLC25A1,0
DAPK1,0
ARFIP2,0
ARFIP1,123883158
ACLY,269699816
MVD,0
COPA,122772458
RCAN1;RCAN3,0
SMTN,412292474
SLC16A1,129999858
IST1,123228558
SUB1,122174698
CLNS1A,159551858
HIRA,0
ATXN3,0
ATXN1,0
ATN1,122533758
TERF1,129354258
PMS2,0
USP14,0
PRKAA2,0
PRKAA2;PRKAA1,126865158
RAD23A,0
RAD23B,325336716
EPHB4,0
AK2,0
NAPA,122586758
AIF1,169370858
EIF5,0
SLC12A2,245315916
PSMD4,0
VCP,0
MFAP1,1169872007
AQP4,1013044333
NCKAP1L,0
MLLT4,1060948336
MLLT6,0
ELL,0
BRPF1,0
NAP1L1,0
ADAR,132726858
LAMB2,0
CDH6,252031816
CDH11,566497432
FOXA1,131930858
TPD52,0
PKNOX1,0
HNRNPH2,0
EIF3B,0
FCGRT,122565958
MARS,0
AP1S2,0
HDAC4,250683416
CLDN12,124545258
CLDN18,1011160349
BCAR1,0
STX17,0
SIK1;LOC102724428,0
RWDD2B,0
UBASH3A,0
WDR4,0
TBX4,0
EVC,122806658
KLF3,0
RAB38,0
CORO7,0
CLDN2,0
NUP107,122059088
SNX16,0
EEFSEC,0
SESN2,0
EPPK1,661702064
MLF1,247307906
FAM3B,0
EVA1C,0
GNG2,124362158
TPI1,131162558
SEC61B,305707716
PTEN,0
ACTB,0
ACTB;ACTA2;ACTG2;ACTG1;ACTC1;ACTA1,128529758
ACTB;ACTG1,0
ACTB;ACTG1;POTEE,0
RPS20,0
DSTN,122562358
RAB8A,132371858
RAB4B,0
RAB2A;RAB2B,0
CXCR4,122727158
RAB14,0
ZC3H6,0
ACTR2,0
RAP1B;RAP1A,122107428
MAX,250324916
RPS3A,0
MAGOH;MAGOHB,0
SEC61A1,125364558
STXBP1,0
COPZ1,0
UFM1,0
AP1S1,122076368
HNRNPK,134761858
RRAS2,313740916
RPS8,0
YWHAE,126092658
RPS29,0
TMSB4X,122970858
SELT,0
RAB11A,123742358
RAB11A;RAB11B,122321658
CNBP,0
ACTA2;ACTG2;ACTC1;ACTA1,0
RPS6,0
HIST1H4A,252671216
HIST1H2BC;H2BFS;HIST1H2BK;HIST1H2BM;HIST1H2BL;HIST1H2BO;HIST1H2BD;HIST1H2BH;HIST2H2BF;HIST3H2BB;HIST1H2BA;HIST1H2BN,0
HIST1H2BC;H2BFS;HIST1H2BK;HIST1H2BM;HIST1H2BL;HIST1H2BD;HIST1H2BH;HIST2H2BF;HIST1H2BN,0
RAB1A,0
RAN,0
GNB1,0
GNB2;GNB4,0
UBA52;RPS27A;UBB;UBC,123859958
TRA2B,1138367447
TRA2B;TRA2A,452605716
AP2B1,126131358
VAMP2;VAMP1;VAMP3,194982858
VAMP2;VAMP3,125800258
GNAS,127627558
YWHAZ,0
SUMO1,143203858
SKP1,0
GNG5,130225258
TMSB10,0
YBX1,256306416
CSNK2B,0
TPM4,0
TUBA1B;TUBA4A,124295658
TUBA1B;TUBA1A;TUBA3E;TUBA1C,0
PAFAH1B2,0
HIST1H3A;H3F3A;HIST3H3;HIST2H3A,0
HIST1H3A;H3F3C;H3F3A;HIST3H3;HIST2H3A,0
HBB,262149116
NOMO3;NOMO2,0
HBG1,0
HBG1;HBG2,0
HBA1,428678574
CXADR,124779358
FAM193A,0
SH3BP2,0
NOP14,0
RBM6,122705258
EIF4G2,0
RPP30,0
GTF2I,245210116
SRPK2,368489174
PHC1,0
CCT2,0
BTN3A2,0
IRX5,0
IRX1,0
IRX3,0
ST5,121955248
PRKDC,0
ADAM17,147603858
ELF3,0
MAP1A,500247412
PHEX,123221458
NUCB2,0
BASP1,125044058
GPSM2,0
SSBP2,0
TMF1,294008106
MRPS36,0
ADAMTSL3,131926858
RPL24,0
CBX1,123293058
RPL19,0
SRSF3,131564858
MXRA7,127798558
H3F3A,0
FOXK1,765846249
PRR5,0
ZBED6,0
CCZ1;CCZ1B,131253858
DAB2,270898716
FBLN2,0
DGCR2,123488758
HSPG2,245754816
LRP2,246973716
ARHGAP4,0
EFNB1,0
FGD1,0
RBM10,1147930524
ATP2C1,0
ATP8B2,0
TFAM,123279058
HDLBP,125577858
CDK16,0
CDK16;CDK17,0
CDK17,0
CDC42EP1,495924532
CLTC,124411458
HSF1,247251916
FKBP3,0
PLCB2,0
REEP5,0
HNRNPU,622669074
PLIN5,123208358
SET,121823438
SCN7A,835174449
FOXK2,257733816
RUNX1,124025258
RELB,0
AMPD2,125646958
ANK2,402044474
CAP1,0
FLI1,0
IFITM2,0
TFAP4,0
OTUD4,369935574
PFKP,123077858
XPC,647269932
CDR2,0
PLCB3,121784008
TAGLN,122637158
AKAP17A,136398858
MEF2A,0
GUCY1A3,0
PRKCE,0
KIF23,0
APBA1,244439356
SP4,0
SP3,134353858
DSC2,0
RPL18A,0
MAP2K1,0
FKBP4,0
NUCB1,336419816
SLC25A11,127129558
DST,374925174
CREM,0
MLLT1,0
MECOM,368420254
KMT2A,497587832
CENPC,123379558
LMNB2,978723747
PTS,0
ERCC6,0
CEBPZ,143510858
EIF4G1,271791816
ATP7A,0
NOTCH2,126148858
TLE1,0
TLE3,249310016
TLE4,123738958
PRKCQ,248563016
DNM1,0
PTPN12,250847916
PTK2,124460458
PTK2;PTK2B,122072588
LIPE,0
SRSF11,328432716
PRKCD,558715332
CALD1,532659662
CTDSPL2,258417916
PTPN11,0
PPP2R3A,122936558
GFPT1,177429858
EXOSC9,249112316
MEF2C,0
TYRO3,122246758
RUNX1T1,123041958
RING1,122128208
PRDX1,0
CDK18,121915078
C1QBP,0
CKAP4,123950258
PDE4B;PDE4D,0
ZFP36L1,245562506
SPAG1,0
KHDRBS1,125021358
MCL1,0
KLC1,264784316
SOS1,0
LRP1,301745716
ARHGAP1,243678796
SRSF4,530542132
SRSF4;SRSF5;SRSF6,127281158
PCDH1,244248436
DHX9,0
SLC20A2,387125974
GOLGA3,246042016
GOLGA2,122606958
DMTN,509653932
PDE4D,0
CD47,0
PPID,0
SSRP1,410649174
RBL2,253685516
CAMSAP2,0
SPIRE1,0
NSUN2,249089516
DMWD,0
RBBP4;RBBP7,0
NCBP1,407074376
EP300,136693858
FCHO2,571892332
SMAGP,0
APOBR,378867174
CGNL1,394500774
NEXN,667565772
CPSF1,131485858
DBP,129511958
KIAA0195,138936858
NUP160,0
SCAP,126086058
ARHGEF5,0
FOXO1,0
GTF3C1,390964774
KCNMA1,0
TWF1,0
SMARCB1,0
BPTF,499928632
STX4,138798858
MAP4K2,0
NFIA,424368574
MERTK,0
SFSWAP,395165474
CHD3,257008416
SF3A3,0
DPYD,0
TMEM115,268030416
ILF3,124060458
LRMP,122804358
PTPRJ,123304358
PTPN13,245244216
EPS8,366900164
TRAF2,123990058
FOXF1,126962858
FOXC1,0
ANK3,250166616
DLG1,123247358
TAF10,121722338
NFATC3,124314258
ABR,123150758
BNIP2,159219858
BNIP3,253123416
NFX1,0
CSTF3,126233558
TIAM1,0
ARHGAP5,0
PRDM2,491712382
STRN3,0
CDC16,0
STK4,123555658
FLII,0
COASY,123030858
ACACA,124169358
GPS1,0
SPP2,0
ZBTB17,131833858
USP4,0
CHAF1A,0
CHAF1B,0
REST,0
RLF,0
PRKAA1,0
PPFIA1,260045316
EIF2B5,148027858
TARDBP,0
PAK1,121754948
FADD,0
PAK2,138421858
CBX3,317864716
STK3,0
CBLB,0
PSMD2,280361816
MMRN1,757225716
DDX10,0
TBX2,627007791
DNAJC3,0
SELENBP1,0
MAP3K1,0
PRKG2,0
SLA,123105858
SRSF9,552033132
SRSF5,394304574
SRSF6,640757032
TRIM28,1092658649
G3BP1,251962858
CLN3,356729716
NMI,123379858
SLAMF1,122908758
KCNAB2,0
KCNAB2;KCNAB1,0
SKP2,0
ATM,123973858
GRB10,0
IFIT5,0
MTA1,123674958
SLC14A1,271628616
SP140,121764098
PDE3B,0
PDCL,123936558
PLD1,366771744
DYNC1I2,371764614
MSLN,140674858
IKZF1,0
SNTA1,244609516
SNTB2,718244432
XRCC4,122399158
PPIG,629468071
TCOF1,710195881
SLC39A6,0
SF3B2,549371574
GOLGA4,133147858
PDAP1,305768716
ADAM9,126148558
FKBP5,0
MYO9B,1046897866
ROCK1,0
NFATC2,122783058
TNK1,124978258
GAB1,245628516
BIRC2,0
PICALM,122047188
MTM1,0
SQSTM1,1632310224
NAB1,0
ATR,0
EIF4EBP1,0
EIF4EBP2,0
RIPK1,122577458
HDAC1,591534032
CAMK2B,0
CAMK2B;CAMK2G;CAMK2D,0
CAMK2G,0
CAMK2D,282961716
CAMK2D;CAMK2A,0
DCTN2,123060158
PKD2,510913642
SNW1,253788916
IQGAP2,245604416
STIM1,847650891
SNX1,0
KRR1,127409358
PWP1,126418358
MTMR1,126113858
MTMR3,375298794
CUL4A,0
CUL4B,0
TP53BP2,121757478
DYRK1A,122029938
DYRK1A;DYRK1B,158217858
RAB31,123734158
RIN1,0
LAMB3,0
THOC5,472305474
SHROOM2,122508058
ITGA9,0
GNL2,0
EXOSC2,0
BMPR2,122594958
SNTB1,965495949
BYSL,0
RAPGEF1,122629458
PDE7A,0
CUX1,125138008
RUNX2,0
PRKG1,0
CDK13,126316158
IL16,365831204
CKAP5,0
CAMK1,0
HNRNPD,154222858
DAG1,123896658
PDE1C,0
DSG2,126993858
VGLL4,0
BOP1,319723716
SEPTIN6,0
MORC3,121977658
SAFB2,123172658
SAFB2;SAFB,450241134
EIF3A,124266058
FAM53B,0
ARHGEF7,267142216
ARHGEF7;ARHGEF6,0
EFR3A,148422858
UBAP2L,255117416
SPIDR,0
SCRIB;LRRC1,0
GIT2,0
SCARF1,125818858
TTLL12,132152858
POLA2,0
DOCK1,124934658
TFDP1,0
WRN,0
DPYSL3,0
BTG3,0
ZMYM3,246106016
DYNC1H1,315039016
TCEB3,0
MAP7,0
CTTN,669575574
TRIM25,261351616
PTK2B,123834758
FLNC,463593974
FKBP8,0
PDE3A,123619658
GALNT3,162316858
GRB7,0
BECN1,0
RBM39,340137716
SPARCL1,863359849
FAT1,123851058
HIC1,372421174
PRPSAP1,127694258
DHX8,0
HSP90AA2P,0
ITPR2,128300758
ITPR3,660133732
NBR1,123216858
ITPR1,211610858
RASA3,132055858
IRF3,0
KIAA0100,125333758
TRIP12,251131616
PUM1,123039558
MDC1,369895394
CLINT1,123639458
KANK1,131252858
SMC1A,0
RRP1B,243780386
NCOA6,0
GSE1,370370994
DIP2A;DIP2B,0
BMS1,124308958
LPIN1,0
USP10,122500558
RFTN1,717379991
PPP2R5D,0
LBR,157787858
PTPRCAP,169639858
MVP,306976716
LTBP1,400065274
LTBP2,0
GOLGB1,403309374
NAA30,0
FXYD3,250240816
MEF2D,123600258
CHD4,523223332
LASP1,141825858
ARID5B,244735376
NFATC4,0
NFIX,792524749
ZNF638,123950758
NOLC1,123420458
NUMA1,1115738837
CUL7,0
SHPRH,0
SLMAP,122490358
GAPVD1,244226966
UBXN2B,0
ATXN7L3,0
VEPH1,122458458
HERPUD1,122837658
FAM175B,0
SART3,0
SUZ12,121795318
EXOSC7,123492758
TNIP1,122166958
EFTUD2,122989658
R3HDM1,0
R3HDM1;R3HDM2,0
SNX17,0
JOSD1,123354258
RAB3GAP1,124020058
SETDB1,0
RRS1,0
ARHGEF6,274143716
POLD3,123027258
ACAP2,248054216
BRD3,129477858
WDR43,123255458
EEA1,121831348
PDIA6,132543858
AGER,130922258
PLCL1,0
PEA15,132730858
PGM5,400592858
PRKD1,502194132
PCM1,637690141
TCEAL1,0
PPP2R5A,0
PTGES3,0
PVRL1,125807358
NONO,0
PTPRK,122675458
PWP2,0
RABEP1,505928432
RNPS1,0
RBBP5,0
RCN1,0
RALBP1,0
ZMYND11,0
LLGL1,0
LRRC41,0
TTF1,0
PCBP1,145476858
PCBP2,127330058
TOMM20,125923658
ANGPT1,0
MTFR1,124819758
P2RY14,0
RBMY1F;RBMY1C;RBMY1A1;RBMY1D;RBMY1E;RBMY1B,0
RPS6KA1,0
SAFB,257389116
RBMS2,0
PPP1R7,368734174
SF3A1,323727716
SHB,0
SKIV2L,323699416
SURF2,0
TAF11,0
TAF7,0
TERF2,123772558
MAPRE2,0
TEAD2,0
TGFBI,0
TGIF1,0
NCOA2,122895758
SLC9A3R2,123877558
TARBP2,0
SF1,261931316
TRIP10,133617858
TRIP11,125162658
MED1,123192458
ZNHIT3,0
HMGN3,121962078
HMGN3;HMGN2,0
JMJD1C,0
PTPN14,124213358
MAPRE1,0
ZRSR2,0
DLG2,0
ELAVL1,122169158
LTB4R,387231974
ELF2,0
NAB2,0
GPR68,0
TAB1,0
HERC1,374311774
SLC1A5,122068098
CD226,125843558
MLF2,123075158
ZKSCAN8,0
NCOA1,0
SMAD2,0
TBCC,0
STK11,121678718
VAMP3,125754858
SLC14A2,0
FAM189A2,124277458
VPS72,0
EZH2,0
ZFHX3,122005738
ZYX,721535231
SEPTIN7,0
ADRM1,0
CCDC6,784961959
E2F4,0
SLC15A2,129895958
LAMA4,0
PKN1,123231958
PKN2,124614658
TAF12,138502858
MAPK14,0
CDC37,0
DPYSL2,0
SYPL1,0
ACKR1,0
RBBP7,0
C3AR1,0
MAP3K11,122051598
TAF9,124132058
CALCRL,373732274
CTF1,0
OCLN,1010104057
SRSF7,312970716
CPSF6,0
SMN1,122329158
DBN1,1010543507
PTGIS,0
NFIL3,0
NRF1,0
FSCN1,0
MAPK6,0
IFI16,277930316
MAN2A1,0
RTN1,537858932
PPP1R3A,0
PCK2,135757858
PTPN21,123074358
PTPRO,124897658
UPP1,0
UGP2,121687458
PFKFB3,0
TPD52L1,0
IMMT,122743558
ARHGAP44,0
ZNF827,0
CPEB4,0
ECSCR,0
KNOP1,0
CSPP1,0
FAM110C,0
INF2,132780858
HLA-C,122514658
PDS5A,0
KIAA0753,122294658
RFX7,0
QSER1,0
CLEC16A,0
KIF26B,0
KIAA1109,876117607
ZNF423,0
ARHGAP31,627514991
FAM83E,262211316
AAK1,396442574
KIZ,0
KIAA1033,121824478
SPHKAP,0
SHROOM1,0
SLC5A9,0
ERCC6L,0
RALGAPA2,763608349
TYSND1,0
TMEM44,0
SMTNL2,122420258
ATG2A,0
ZNF800,0
CWF19L2,0
EIF2S3L;EIF2S3,0
UVSSA,0
LRRFIP1,493244682
EML3,124841058
TWISTNB,125584058
C1orf106,0
MAP7D1,1009925806
CHD9,0
LSM12,0
TBC1D25,122376858
RGL3,0
SP6,0
GON4L,0
GON4L;YY1AP1,0
CCDC88A,0
TMEM176B,374049174
TBRG1,0
RABL6,508851432
LGALSL,0
PLEKHN1,0
SLFNL1,0
GLYR1,137105858
CRY2,124021858
C2CD3,121673638
RIC1,127087058
VPS26B,245283606
LARP7,398958374
NADK2,0
TBC1D10B,124595258
TPRN,134114858
ANO6,258255216
PLCH1,123640258
FILIP1L,524674132
AASDH,0
ARID4B,0
GRIPAP1,0
TMEM119,247360576
AMOT,0
SYTL3,122244858
FNDC1,0
PAN2,0
EPC2,122927958
ARHGAP29,375164374
PDCD4,427480074
FNDC3B,0
CRTC2,122514358
AGPAT9,206383858
C17orf85,124502258
PHLDA2,0
PDLIM3,0
PLEKHO1,0
USP39,141379858
KLHL22,0
SETMAR,0
CCDC92,121836488
SOWAHC,0
LBH,124197758
ARHGAP15,0
KRTCAP3,123924858
COBLL1,614127291
HS1BP3,247901036
CYBRD1,652471232
INO80D,0
ZNF385B,0
EAPP,0
PAN3,0
SDK2,130111258
PLEKHG4,0
BRDT,0
HSP90AA5P,0
DCAF6,122853358
TMEM41B,125964558
ODF2,0
SLC45A4,0
ZNF326,0
NOM1,0
ANKRD20A8P,0
FSIP2,0
DNAJC21,0
PPP6R3,126871158
KIAA2026,0
FAM76B,122944258
SH3D19,0
NHSL2,123933458
EMC4,247466416
METTL10,0
PPM1J,0
MIA3,129777558
WDR44,383687674
DOCK11,246766916
FGD3,126422458
PRRC2B,122709058
AMER1,0
TJAP1,129084758
RRP12,258147116
TOR1AIP1,786064891
IQSEC2,0
HABP4,124043258
MIIP,121925558
SPECC1,366300914
SAMD4B,122766258
BRMS1L,0
DNTTIP2,0
DCAF10,0
RABGAP1L,138598858
ERICH3,244347986
LRRK2,516169332
TMEM201,130504458
HIATL1,122838158
NUP188,275658216
HP1BP3,709160391
CEP170,244077476
CEP170;CEP170P1,0
PLEKHS1,0
SNAPC4,0
COL5A1-AS1,0
NOL9,0
NHSL1,0
SZT2,123460358
ZNF362,0
CC2D1B,0
FNBP1L,126184158
C6orf132,0
HIVEP3,0
MPP7,0
TMEM63B,638416432
LRIF1,0
RBM20,0
UBR4,430858974
STXBP5,249348516
KIAA1217,374856374
ARHGAP21,122867758
BEND3,123238258
CAMSAP1,0
KANK4,0
SYT6,0
ZNF618,0
ACBD5,250817516
RBM26,130179158
DCAF8,156613858
CEP162,130568158
FRY,488922572
ZBTB37,0
RC3H1,0
MAGI3,0
MLK4,0
SH3PXD2A,124284158
RSPH4A,123357258
DDI2,0
THEMIS2,0
SOGA3,0
IFFO2,0
AHDC1,124339358
ARFGEF3,0
VPS13D,751414849
LIN9,0
CROCC,638936611
TMEM164,127043358
MEX3C,0
RASIP1,368785154
PIK3R6,0
RIF1,123189858
STRIP1,297677716
OBSCN,123226058
CEP350,243804736
CDC42BPA,0
RPRD2,649254591
KLHDC7A,124362358
PRPF38B,418992474
TTC39B,0
RNF20,132297858
CACHD1,122041488
ZNF318,123564958
FAM171A1,246094516
OTUD1,0
ARHGEF16,0
ZNF691,0
MYSM1,121886288
TAF3,0
SNX30,124222058
FAM208B,495405632
DAB2IP,0
PEAR1,0
MEDAG,243609596
ZCCHC6,0
DENND4C,761245189
NAA35,0
LRRC16A,495006932
ZMYM4,122445058
ZDHHC20,372433074
TTC23,0
FAM219B,0
RNF123,0
FBXW9,122571458
ANO1,0
CD276,197237858
RNF213,130218958
AP1AR,0
KANK2,1206716007
FAM21A,371146174
FAM21A;FAM21C,623075271
FAM21A;FAM21C;FAM21D,0
STEAP3,268883716
FAM91A1,0
ICE2,0
LARP1B,0
CEP135,126003958
TBC1D9B,129332858
MAP1S,752735739
ARL6IP4,140617858
ATG16L1,0
RAP1GAP2,0
OLFML2A,0
HGSNAT,135719858
TNS3,798375749
ZFYVE26,144957858
MSL1,0
CRYBG3,375883974
INTS3,0
ARHGAP17,123429158
KIAA1429,393397374
SPECC1L,742884011
C1orf95,0
PDPK2P;PDPK1,150572858
GLTSCR1L,0
UHRF1BP1,0
ATL3,125117358
MCTP2,0
IQSEC1,370923974
RLTPR,122642558
CIAPIN1,0
OTUD7B,0
RALGAPA1,250032016
ABLIM2,377603564
SIGIRR,258336516
LAMTOR1,395582074
NCAPH2,0
GRAMD4,123072658
KIAA0930,121901158
SMEK1,121940998
CCSAP,0
RAB12,0
PLEKHA7,858085449
DENND5A,0
SDE2,126882658
SLC8B1,122593258
RCSD1,637328871
NIPBL,396589074
PRR5L,0
CAPN13,0
ZNF280D,0
MFSD5,0
SLC18B1,122911058
HMBOX1,122003318
RHBDD2,0
PWWP2B,0
REEP3,378010274
RETSAT,0
KIAA1211L,0
RWDD4,0
PRPF40B,279188716
ANKRD54,0
SLC30A6,0
TAPT1,0
KANK3,917601291
PPP1R18,139576858
ZCCHC8,123752658
MAST2,121919408
DHX57,122729358
LLGL2,0
CC2D1A,121456278
MSANTD2,0
EDC4,390075974
SCYL2,0
CASC4,376944394
CNNM4,0
NFRKB,122515058
KLC3,0
ALKBH5,0
PDXDC1,0
INTS5,0
TMEM154,0
VWA1,0
PGM2L1,125166158
FBXL19,0
CTR9,387018774
AAGAB,0
PPIP5K1,0
ULK3,0
TTC33,121984128
MYO7B,123208858
FBXO38,0
TRAT1,0
RHBDF2,679613891
ELMSAN1,123131758
BRAT1,0
WDR59,126916158
ZC3H14,409174994
CNST,0
LARP1,738324449
ATAD2,0
TMED8,0
BLOC1S3,0
ZBED9,0
RICTOR,248767546
WDR74,122306858
AGTRAP,0
SAMD1,122029238
SMARCD3,0
NHS,0
SLC4A10;SLC4A7,0
ANKRD12,0
AFTPH,0
FIP1L1,386292574
CRTC3,0
CYP20A1,0
C16orf54,0
FAM198B,0
PARM1,0
OLFML1,0
LAYN,0
PLXDC2,346212858
TMEM108,122220958
CD300LG,0
CRELD2,0
APOOL,122518358
BAIAP2L2,0
TMC5,121983458
FAT4,0
ATF7IP,402264554
RANBP10,123546258
PACS1,0
BCOR,0
RAB11FIP1,125204258
RAB11FIP1;RAB11FIP2,0
CHRDL2,0
NAPRT,0
GIGYF2,403732674
SLC36A4,0
SCARA5,0
AEBP2,0
DEF8,0
NFXL1,0
ZNF704,0
NBEAL2,246589616
FGD5,0
CCDC141,0
SLCO4C1,247320116
C15orf39,0
QSOX2,125742958
SRCAP,247021616
FAM83H,1533819688
FAM65A,124618758
NBEAL1,0
WDFY4,0
MFSD6,134975858
ARHGEF18,243907776
ANKRD13D,0
KIAA1211,0
BEND4,0
CEP128,251092716
PIK3AP1,0
ARHGAP27,247489816
C15orf52,122495858
DENND5B,0
PNPLA7,123066758
FGD6,0
GPRIN3,0
TOM1L2,0
SYDE1,0
MICALCL,122568058
KCTD8,123263158
PLEKHM3,0
STXBP4,0
C1orf186,0
MBOAT2,137883858
VPS13C,131701858
USP34,123463558
RAPH1,0
USP54,0
UNC13D,0
PREX2,0
CYS1,123159358
MED13L,122237358
LARP4,122814658
ZNF767P,0
CBLL1,0
MTSS1L,0
NOL8,510576332
SSH2,122259458
ASXL2,123478858
CCDC80,0
CEP68,248293416
HECW1,0
SUPT6H,509531732
SND1,125425358
MARK2,0
DDX46,130021258
MON1B,268056716
DHX30,0
EIF3M,0
MEPCE,494110722
ARMCX2,125099258
FAM73B,123312658
RSRC2,298178716
BEND5,0
CYFIP1,0
DOK3,138555858
LPCAT2,0
TAOK1,0
SH3BP5L,124586958
EEPD1,262061516
RASGRP2,0
STRADA,0
MICAL3,374275474
ERMP1,121473048
TRMT1L,0
ZC3HAV1,128838058
PID1,123633958
GVINP1,0
FAM122B,0
SETX,246278116
KANSL1,125288958
ATG9A,644390791
PRICKLE2,0
POGZ,265582816
ZFYVE16,126545258
MON2,0
UBE3B,0
DENND4A,123001858
TMC7,0
TMC4,0
MYH14,878126432
NUFIP2,128403858
SZRD1,0
MAVS,645083591
CLASP1,0
DHX29,0
HAUS6,246062916
LIMS2,0
KIF21A,0
HDGFRP2,693231891
BRAP,0
EMSY,0
AKNA,123736458
ARHGAP22,0
RAI1,121562188
WAPAL,246364716
IRF2BP2,369630674
IRF2BP2;IRF2BPL,0
SDK1,144242858
HSD17B13,0
APBB1IP,131569858
SPRED2,0
SPRED1,121861348
BTLA,0
SRGAP1,0
RBBP6,368347864
ARHGAP30,139123858
SH3RF1,0
GRASP,0
FGD2,0
RAB44,259118916
CNTRL,122889158
FILIP1,251852316
PIGW,125197358
ABI3BP,0
VPS13B,0
C11orf96,373739974
ZSCAN2,0
TMEM179B,0
GALNT7,0
PHLDB2,370019884
TMEM55B,126406558
DAAM2,142291858
KIAA1328,0
PATL1,0
TBC1D1,122561358
SYVN1,0
TRPT1,0
TTC7B,896297197
RBM23,122250358
PABPN1,123345458
METTL3,0
LDB1,0
PBRM1,261604016
YRDC,0
MTDH,842727074
CTAGE6;CTAGE15;CTAGE4;CTAGE8;CTAGE9;MIA2,128266658
KTN1,0
RIMS1,0
BCL9L,122295158
PHLDB1,371405374
N4BP2,0
CADPS2,123834758
FERMT3,0
FAM83A,0
ZBTB46,0
CASZ1,243916496
FAM124A,0
LUZP1,246645796
MYPOP,121924138
KIF27,0
LRRTM4,0
EXOC3L1,0
TAX1BP1,0
PACS2,0
LCA5,0
GLCCI1,0
FAM134C,1505423524
HOOK3,0
ARHGEF25,0
MON1A,0
PARG,0
PPFIBP1,504414282
SLC26A11,128727158
ZC3HC1,530368232
OSTM1,0
FCHSD1,0
GPBP1,0
PROSER2,0
CDR2L,0
RALGAPB,256674016
RALGPS2,0
LSR,881592917
ERICH1,122247358
CIR1,168090858
HEATR5A,0
ANKLE2,0
MEX3D,0
MEX3D;MEX3B,0
DDX42,0
TICAM2,121813158
NME9,0
XYLT1,0
STX12,239202858
PALB2,0
GATAD2A,540613932
GPSM1,0
C2CD5,655281641
RASAL3,123415658
SGK223,0
HIPK1;HIPK2,124355558
TMC8,139566858
IRF2BP1,123874958
CAMK1D,0
RHPN2,0
RHPN2;RHPN2P1,0
ERC1,0
RNF135,0
AEBP1,0
TMEM139,0
HID1,122241158
UNC5CL,0
LYSMD2,0
DENND1C,0
NUDCD3,0
PLEKHH2,0
AHNAK2,373239284
FOXP4,126236358
NOSTRIN,0
NAV2,0
LEPREL2,0
FUNDC1,138871858
MISP,1074194696
KSR1,244943236
SPNS2,0
CEP97,0
CARKD,0
FAM219A,0
ARHGEF19,0
WDR75,0
SLC44A2,0
TEX2,498031232
FAM114A1,0
PLEKHM2,0
DENND6A,0
MGA,0
GCC2,0
SFTPA1;SFTPA2,130003958
PHF6,124292258
CUL9,121725878
LRRC8A,124152058
LMTK2,124280558
LAX1,0
UBR1,124314958
ARHGAP12,0
CHERP,122103308
ZSCAN29,0
CDAN1,0
ANKHD1,0
SUGP1,249745676
SUGP2,248512016
WWC1,0
ZFPM1,0
CCAR1,0
HOMEZ,0
FAM178A,247914516
SKA3,0
SIRT2,0
PHC2,0
GALNT12,130263758
BAP18,125144358
NRM,0
C9orf40,0
GPALPP1,124517758
PALM2,243788516
FAM126B,0
RBM12B,936619307
SLC35F2,0
RPAP2,0
ZC3H3,0
PNPLA6,503760632
SMC5,125620858
CMIP,0
PPAPDC2,0
MICALL2,368588274
AMOTL1,0
RAVER1,122778658
FTSJ3,245763016
SLX4,0
TMEM192,125931058
DIS3L2,126754658
LAS2,0
CCDC13,0
ZZZ3,0
C20orf196,0
EXOC8,122877758
SYTL1,122639658
REM2,0
TRIM22,122295358
ZDHHC23,124934658
GRAMD1C,127259158
HACE1,125049458
PHACTR4,0
RCOR2,124280658
RASEF,0
KIAA0319L,0
RTKN2,0
KMT2E,0
DCP1B,372385134
SCYL3,0
GPR116,252617116
UNC5B,0
PELP1,423853364
ABI1,261155616
WDFY3,0
C1orf87,0
ZNF444,0
SPICE1,0
TAGAP,0
MIER1,0
RPTOR,402069194
FAM177A1,261888816
AHI1,0
CCAR2,646359091
NUP93,0
STK11IP,283253716
ZNF687,249517416
REXO1,0
CMTR1,124384758
LRRC47,154274858
DOCK4,123995458
SLC39A11,134872858
ARHGEF28,0
INTS1,259521916
PROM2,121832508
ANKRD35,0
ARMC10,146008858
ZCCHC24,0
GHDC,0
CLASRP,251950916
PQLC1,322953016
AGGF1,0
SLC43A2,259737416
ASCC3,0
CLIP4,0
EHBP1L1,519496932
PLCD3,130886958
MICALL1,0
TXLNB,122779258
MPP5,0
STAG2,245072266
SYNPO,705833691
FNBP4,254847116
MFSD4,0
RYBP,0
NIN,126272258
MINK1,249290616
SPATA6L,0
TMEM55A,132545858
CCDC82,0
MARVELD2,502080732
AFAP1L2,248068816
ZNF276,0
AFAP1,0
MREG,123294458
OXR1,0
MPND,0
ZGPAT,0
TAB3,0
WDTC1,0
NKAP,143890858
TMEM57,122536258
SH2D3C,245180686
ARRDC1,0
C12orf45,0
FAM63A,125772858
CAMKK1,0
RNF10,0
FAM101B,0
MSL3,125407158
FAM160A2,0
CPSF7,0
SLC15A4,122728058
MYCT1,631151091
ADAMTSL1,0
ARFGAP2,123886058
C1orf52,0
METTL13,0
ARL6IP6,121788618
ARFGAP1,0
USHBP1,122790758
ZNF655,0
PAF1,0
CCNYL1,279766216
ANKRD31,0
UBR7,0
MB21D1,0
DDX51,145184858
ZNF513,122021978
CEP112,0
CEP120,245067636
ABTB2,0
JMY,121817538
C19orf47,0
TMEM102,0
KRI1,633269861
TC2N,243637016
POC5,122618358
ATG16L2,0
ZNF579,122624358
ZBTB38,133562858
PRPF38A,559315716
KDF1,0
ZNF511,0
ATP11C,288627016
ZFP62,0
KDM1B,0
AVL9,0
SLC43A3,0
GOLM1,0
COLGALT1,0
SIDT2,122410358
TMEM87A,125991358
PCSK9,122879358
HSD17B11,0
FAM63B,0
ATAD1,140563858
PPAPDC3,0
SCCPDH,0
FAM134A,414222274
SERBP1,266264616
KCT2,0
LEMD2,596544852
RBBP8NL,0
HJURP,0
NFATC2IP,0
CHST4,0
DAGLB,121921528
RNF169,0
ZBTB44,122847658
KIAA1407,0
GALNT11,124289458
SMG8,0
RNF214,0
PPFIBP2,370171074
LSM14A,416561574
CCNY,672562091
ZNF280C,0
MAPK1IP1L,0
PAPD5,0
EHBP1,0
RBM15B,497700842
TNRC6A,0
PSD4,123467358
PHC3,373265974
TMEM104,0
CNNM3,128757858
RGS22,0
ABCF1,271366716
GLIS3,0
PIK3C3,0
CATSPER1,128444558
SRFBP1,245801116
FAM83F,0
NGDN,251571516
SUPT20H,0
PDZD8,126156458
C1orf162,123220358
EXPH5,122763358
NAV1,0
PPHLN1,279213716
KMT2C,247121116
DOCK8,124294358
SYNE1,539193632
ZNF397,0
USP32,0
BOD1L1,370759174
ARID1B,0
FLCN,126205758
NUP35,0
REPS2,0
ENGASE,0
GPRC5A,155652858
ADCY4,122447458
TOR1AIP2,121663668
TSTD1,0
MYRIP,0
CADM4,0
PJA1,0
OR4D6,0
ZNRF2,0
ATL2,122741958
LILRB4,300938716
LILRB4;LILRB1,126240558
KDM2B,123372858
MOSPD2,0
DDX55,0
NEDD1,0
NCOA7,123277958
THOC2,123258858
INADL,507052732
VANGL1,122274258
OCC1,0
SNIP1,124339358
PPP1R14C,0
WDR48,0
PPP1R35,0
MPLKIP,0
SMARCC2,907759049
GDAP1,0
DEPTOR,0
SLC35B2,126914558
PUM2,128496158
GOLGA5,199035858
KLHDC4,0
SHKBP1,0
ZSCAN18,0
BAHD1,0
SLC35G2,122283258
FAM213B,0
ZCRB1,0
RAB3IL1,122678958
TBC1D16,0
WDR20,248033116
TRMT10A,0
MDM1,0
TBC1D15,123907658
TMEM163,652248691
POC1B,122064218
SPATA18,371155574
FAM110B,0
IFI44,0
PI4K2B,124318958
STT3B,269856716
ZNF507,0
SPPL2B,0
PREX1,1204685716
URGCP,0
NEK9,506791552
SLC2A12,0
CHD6,0
TRPM4,0
PLEKHO2,384979174
DTX3L,258391416
DDX54,261123776
DMXL2,502219032
DLG5,0
CABLES1,0
TRAF3IP1,0
HCAR2;HCAR3,0
SYTL5,0
NEK7,0
RB1CC1,375303564
ASAP3,0
MICAL1,271024716
EPS8L1,0
SSH3,127063858
TBCK,0
DTD1,0
RHBDD1,121932578
AFAP1L1,0
DENND1A,246793516
SH3RF3,0
DOT1L,122255158
CEP192,0
SNX29,124541958
SNX29;SNX29P2,0
ARHGEF40,247300216
FBF1,0
RAPGEF6,246675916
SMCR8,369706574
PARD3,247908626
PARD3B,121802308
USP33,127864358
PNISR,259737416
WHAMM,0
FNIP1,0
ZFP90,0
ZNF384,0
SLC16A10,124380858
SHROOM3,744034149
WIPF2,0
THAP3,123013558
COG1,0
RNF139,121901248
SMAP2,123378958
ZC3H15,0
PPIL4,129519058
GTF3C2,123613058
TBC1D22A,124209358
PHF10,246280456
RAB2B,122243858
PPP1R13L,0
CHURC1,0
HDAC7,0
NUP133,0
CHMP7,0
THEM6,0
PRUNE2,0
DEPDC1B,0
BCL7C,513925232
CHTF18,0
N6AMT2,0
STAG1,0
SCFD1,128961258
CANT1,0
C7orf43,0
TRAPPC12,0
POF1B,0
HNRNPLL,0
PCNP,0
TMEM40,137906858
KCNE4,0
TRUB1,0
ATXN2L,244104766
ARAP3,122360758
PHIP,742638191
STAB2,124804658
PRPF31,0
NELFB,0
RUFY2,0
CASKIN2,0
ATRIP,0
STON2,121954128
ATL1,247697616
MADD,0
SYNE2,412120674
CNKSR2,123014158
GATAD2B,373497574
PIBF1,0
DNAJC9,0
AUTS2,0
BRI3BP,0
BBX,0
CTNNBL1,122901358
ING5,122107828
SEPTIN1,253104316
JDP2,0
SSH1,616460091
ATG4A,0
RIN2,121593698
AHCTF1,890816387
DGCR8,133216858
PIK3R5,0
RSPH1,124452258
RFFL,122461558
ROBO4,122565958
POMGNT1,0
IRGQ,0
DDB2,128073358
DDX1,0
STARD8,122524858
STARD8;DLC1,124729758
SEC14L1,123439458
SLC39A7,413278716
PIEZO1,741468611
PIGB,122387358
H1FX,143303858
PSMF1,134802858
SLC7A6,0
GBF1,586200032
LPIN2,0
SMG7,0
RTF1,0
SNX19,0
TMEM131,251229616
IP6K1,0
BAP1,245073016
SPOCK2,0
RAPGEF5,122404058
TSC1,0
UBXN4,0
PHF3,0
SLC9A6,0
HSPH1,0
SEPTIN8,0
DOCK2,138409858
TBC1D5,250873316
ZNF592,128340758
JADE3,0
MYO18A,2027322357
LARP4B,0
GCN1L1,0
HMHA1,249085116
NUP205,254701216
KIAA0226,126360358
TTC9,0
ANKS1A,249049416
KIAA0232,123863058
DYRK2;DYRK4,122628058
LPAR1,281004016
AKAP1,646905591
ALG3,376818516
ANP32B,125960958
PVRL2,124893958
PTPRU,121927938
PRCC,248441516
TFG,0
USP6NL,0
TFAP2C,0
RREB1,256619916
HDAC2,455199574
DPF2,127715458
PROX1,247342616
CREBBP,122724958
KAT6A,122986558
SYMPK,588786632
TAF15,181406858
GOLGA1,0
EVPL,457586674
NRCAM,0
CORO2A,0
RPGR,0
INPP5D,254740716
DDX17,0
TANK,0
KIFAP3,0
NEO1,250995116
APBB2,253021216
RAD50,121778418
OSTF1,142564858
ARHGEF1,0
UFD1L,0
CDS1,284451216
FGF13,0
SMARCC1,582248832
SMARCD2,246061096
RAB8B,0
BAD,122594658
KHSRP,127115058
SLCO2A1,128402358
PEX13,0
ARHGEF2,398061764
KAT5,0
BRF1,0
DVL3,0
USP7,126262258
LPP,0
MED12,0
BHMT,0
WNT2B,0
PHKB,0
SCAMP4,0
TCEAL3,122494158
TCEAL3;TCEAL6;TCEAL5,128815758
GTF3C6,0
PRKCDBP,127232658
CNKSR1,123493858
RNF34,0
MAL2,133392858
OSBP2,0
L3MBTL2,0
ITFG2,125362858
HDAC10,0
UBE2E3,0
FBXW5,0
MKL1,0
RILPL2,121915958
TMBIM1,308605716
PPP1R14A,123598458
CCDC102A,122337358
C11orf52,144264858
SLC35C1,0
TMEM230,279050016
EXOC4,245296116
KIAA1191,122125908
FERMT2,127521958
PNPLA2,0
FUBP1,0
SLC25A46,271069716
RAB7B,122607658
ACD,123095658
ESAM,381666774
TMEM125,0
PBXIP1,619422432
KIAA1143,0
MIB2,133650858
EME1,0
TTC28,245712816
DACT3,246695066
TMEM45B,0
C18orf25,145964858
CLDN23,0
AKT1S1,307998716
TMEM159,0
SH3KBP1,384612874
SGK3,122039368
ZBTB8A,0
CENPT,0
DOCK10,244060366
ATG2B,0
LENG1,0
EFHD2,0
SYTL4,122213258
RUNDC1,251343816
PYCR2,0
C12orf43,0
SDCCAG3,130272158
INTS12,0
NSUN4,0
RHBDF1,372419854
EVI5L,0
GCC1,0
FLYWCH2,0
GRAMD1A,138262858
FAF2,0
OPTN,369164044
AP2M1,0
SLC7A6OS,123326358
KCTD12,715200491
LRRC58,0
NMD3,249457216
REPS1,540513032
HVCN1,128362858
DGCR14,126885558
ARHGEF26,127290658
ZBTB10,0
FAM122A,164685858
RBMXL1,0
C9orf9,0
SIRT1,123385458
YIPF6,410102774
HOOK2,0
SEH1L,0
TCEAL4,0
KTI12,0
RNF31,128651058
CHFR,0
SGTB,0
TVP23C;TVP23B,123138758
RBM33,125032258
DTNBP1,0
MCRS1,126214058
GIMAP5,248412236
NRBF2,0
TRIM11,123546858
ZNF503,0
IL17RA,0
CCDC97,122224858
EDC3,122202058
ZBED6CL,0
STAMBPL1,0
S100A16,0
SIPA1,695647391
IFT43,127388358
SCRN2,0
THOC1,130065858
OTUB1,0
PGM2,0
DUS3L,0
OTUD5,121965068
TOE1,129728758
CDCA7L,0
SCARF2,253482216
C17orf59,245111996
SLC41A3,139359858
MSANTD3,0
MYO19,124504358
ZC3HAV1L,0
ZNF764,0
POM121,0
CCDC120,0
PDLIM5,123016358
ERO1L,123624258
GRAMD3,124794458
AHCYL2,0
DOCK6,245927716
MED30,0
NAF1,122541158
PGAM5,0
DDRGK1,122282458
SCLY,0
FUBP3,0
RBM17,303648716
PPP1R16A,0
AJUBA,122254058
FBXL20,254510816
LRCH3,247308096
VSIG2,0
NSL1,0
PAWR,0
RSRC1,0
LRIG1,0
COG3,135012858
EAF1,123591458
CCDC132,128142358
VCPIP1,122027708
RADIL,0
SPG11,129622858
DCAF5,124047758
ZNF462,0
L3MBTL3,148603858
LCOR,0
ZFP91,123804358
DCHS1,121872788
CLMN,260456216
MAEL,0
HSH2D,0
ZFYVE19,129548258
SLC35E1,0
TMEM87B,126321458
USP47,0
ZNF521,122023548
DNAJC1,371716474
SCYL1,124840058
ZNF512B,122151918
EHMT2,121664368
ZFR,153416858
NSD1,0
EP400,499225862
SNX27,0
KIF16B,0
ALPK3,0
TRIM47,130531758
C4orf45,0
LURAP1,0
RNPC3,135011858
PRIMPOL,0
HYLS1,0
FGD4,245723516
NDNL2,0
HEXIM2,0
HSPA12B,712707291
YTHDC1,373070974
CCDC43,0
NOL4L,0
ENTHD2,0
TTC14,0
PWWP2A,124056958
MBOAT7,121929948
DOCK7,620692661
ZNF641,0
ZNF830,126248958
FRMD6,0
TOX2,0
CCDC115,0
SLC46A1,125230358
ANKRD27,0
PVRL4,0
RPRD1A,0
ARAP1,132886858
MIA2,0
MIA2;CTAGE1,126032758
GPR124,126069858
ARHGEF17,641483061
INPP4A,0
RBM14,400340074
ERMAP,123120458
TRERF1,0
UHRF2,0
NEDD4L,381776774
CCDC85A,0
FMNL2,123060358
NEK1,127777258
TRAPPC9,123916758
SMG1,0
ALS2,245542576
DLC1,245176016
PPP1R10,124962158
FYTTD1,0
SLC2A13,249815916
RAB3IP,0
PRAM1,0
VPS35,0
PURB,0
TRPM7,123971958
PHF12,371674274
XPO6,0
MAGI1,0
SNX18,0
CIC,127056458
UIMC1,0
VPS13A,0
GFM1,0
MCCC1,0
CAMKK2,123348358
TGS1,0
NUDCD1,0
ERBB2IP,372849274
FNBP1,259324016
CRAMP1L,0
WDR24,269521316
RAB40C,0
RPS6KC1,121637218
TP53RK,0
TESK2,0
WRNIP1,131960858
RANBP9,0
CLCC1,149989858
UBL7,0
CCNL2,125197358
MYADM,0
PLEKHF1,121978488
PPP1R9B,124648258
SRPK1,379805674
DCLRE1C,0
TMEM209,0
ORAI2,0
CDK5RAP2,124312758
SIN3A,387450974
OSBPL9,0
CRBN,0
RSF1,1446210382
RUFY1,0
KCNK17,0
SPEN,882942107
PNKP,125904958
SLC9A7,122161768
UHRF1,0
FAM129B,340509716
RMDN3,596402274
TCF12,122673958
ACOX2,0
SEC62,520404574
CDC5L,245424586
PSMD1,126667758
RNF2,0
GAS2L1,0
EYA1,0
EYA3,0
SORT1,191696858
VAT1,245119916
DNAJC2,366913794
MPHOSPH6,0
MPHOSPH8,273371716
MPHOSPH9,0
NUP88,270474816
PKP4,618500491
S100A13,127515658
SCAF11,760499829
TEAD3,0
TSNAX,0
ELF4,258846016
SEPHS2,0
EIF3C;EIF3CL,128144658
TTC1,0
RAD9A,0
OSMR,123688058
CHP1,126201558
MAP3K5,127273058
FEZ1,0
LYST,252396716
ATXN2,0
DOK1,125798758
RBBP8,0
SEPTIN5,131837858
HNRNPAB,0
NAP1L4,232072858
NRTN,0
MDFI,0
ABCA3,270129916
MAP3K3,0
APBA2,0
CMKLR1,434689074
GPA33,0
ARID3A,123894058
FOXC2,0
PKP2,0
SH3GL1,0
TEP1,125723858
AKAP9,123039058
NCAPG,127450058
HOPX,0
MAPKAP1,0
RBM4B,0
DDX50,0
ELAC2,0
GRWD1,0
TCF25,0
WDR77,123583358
C17orf62,0
BCL7B,0
SENP7,256103516
MYBBP1A,127044358
EIF2AK1,0
SGIP1,0
TMEM47,0
LPIN3,0
GORASP1,0
HEPH,124697958
FYCO1,0
JPH2,134242858
BUD13,887450457
SH2D3A,121811578
C7orf50,0
MXRA8,0
LZTS2,245473716
SDF4,0
SRSF8,0
OVOL2,0
WIBG,0
PYGO2,124461058
CHCHD6,0
GPATCH1,251232916
ARHGAP9,0
RIOK1,0
TRIM56,125309558
LXN,0
SLC35A5,121943368
TMEM175,0
HERPUD2,122600558
TINF2,122482358
ESYT1,380306274
MARVELD1,0
UBAC1,0
CCM2,128416658
RTKN,0
TCHP,0
WAC,126200758
DIDO1,509532032
MTA3,0
MCMBP,122040458
PAGR1,123088758
FAM103A1,0
PI4K2A,940528199
NDC1,122317558
ZNF692,0
CHRDL1,122008548
MMTAG2,0
C11orf84,0
ADAT1,0
MKNK1,0
C9orf142,122374658
POLR3C,0
HNRNPUL1,244976216
PHF23,0
DERL1,128569758
DDX23,0
WRAP53,124647658
C9orf16,0
TRAF4,126471458
MLPH,123543358
VAMP8,129722758
RNF126,0
CEP250,126258758
C2orf49,0
PBDC1,164761858
PTDSS2,408092716
PHF20,0
UTP14A,379514174
NUPL1,0
RIOK2,0
TMUB1,0
C19orf24,123506358
DDA1,0
CCDC94,0
RBM4,0
SSBP4,122968558
FUNDC2,241142858
PRR14,0
YIPF2,0
PAPOLG,0
SLC4A1AP,122018538
SSBP3,0
SORBS1,1357012724
JAM3,133848858
STRA6,0
SGPP1,156954858
OSBPL11,366592514
OSBPL10,121878238
CECR2,0
RAB11FIP5,0
NT5C1A,0
TBC1D10A,0
BCL2L13,131860858
CARD14,0
CARD11,0
PRX,382137774
SLC12A9,0
SRRT,418726874
SLC26A6,261637616
OSBPL1A,255954416
MAK16,0
EIF2A,124869658
CADM1,0
POLDIP3,0
KIAA1671,371208974
SHANK3,122825258
FUT8,123143258
NIFK,0
PARD6G,0
PARD6B,0
FAM126A,0
HELZ2,0
RBCK1,0
CEP41,0
BACH2,0
SETD2,124304758
TBC1D2,0
IFIH1,0
PANK2,0
DOCK9,630970541
FRMD8,0
PITPNM3,0
PITPNM2,121900258
WHSC1L1,0
ABCA2,374616574
SLC29A3,0
ASPSCR1,122846258
OSBPL8,1026645549
OSBPL7,0
UACA,124107758
RAB34,250514816
WDR11,0
IRX2,0
TBL1XR1,0
PPP1R12C,126470358
PRKD2,256949816
FAM129A,304696616
SLC19A3,0
SIGLEC1,122411858
API5,124664958
SPRY4,122552358
TRIM9,0
TRIM2,0
FAM117A,124088358
INO80B,245045716
SETD5,0
UNK,123137358
FTO,0
ZDHHC5,261432016
SEMA4C,0
UBE2O,121876058
TANC1,0
FHDC1,0
XPO4,122510958
LNP,132295858
TTYH3,124438358
ARHGAP39,0
SRCIN1,0
MTMR12,0
WDR33,387492074
BHLHE41,0
BCL11B,0
NRSN2,0
SENP6,0
MCOLN1,0
WWTR1,0
LAT2,124803858
MFF,122187958
MTFR1L,426916274
MAF1,0
PAIP1,0
LSG1,121412008
KLC2,0
ILKAP,0
XRN2,483669174
SAP130,0
BRD8,126640958
SHARPIN,0
NSRP1,122983758
RACGAP1,0
PARP12,0
SIK2,0
NT5C3A,0
DDX47,0
RAB1B,0
CCDC8,0
SMG9,0
ITFG3,0
OSBPL5,130254858
GZF1,0
BCL11A,122051228
STMN4,0
ANAPC1,129695358
IRF2BPL,505349732
UNC93B1,581405716
TMX4,127746958
KIF13A,124313658
ASCC2,0
RBSN,0
ISCU,0
DNAJC25,0
TSPAN10,0
EPN3,0
C1orf21,122176698
CARD9,0
VPS11,0
TRIOBP,0
SLK,0
SLC38A1,122168988
C10orf11,0
TAOK3,123741758
ADNP,377517274
IKZF4,121918718
PPA2,0
SPNS1,0
ZNF106,245482316
PNN,1054095017
TMEM245,674663574
FOXP1,248802616
SNX25,0
C11orf68,0
TMX1,664282974
NELFA,0
ACBD3,0
CDC42EP4,128287958
PTPN23,0
SEMA6B,0
UNC45A,123585558
DNAJC5,1571682291
DSN1,0
HIPK3,0
C1orf198,0
CUEDC2,0
WNK1,748531649
RNPEP,0
GOLPH3,0
SAV1,0
DEF6,0
GLIPR2,122842058
ZHX3,0
SENP3,124022758
OSBPL3,248384276
SMARCAD1,0
PLEKHA4,122444358
EHD1,0
RGCC,687031991
PCIF1,0
ESF1,122238558
HEATR1,0
DUSP21,0
ZNF768,368096174
PIEZO2,250190816
ZBTB3,0
RABEP2,247245016
BICC1,0
PCNXL3,0
EPHX3,0
TUT1,0
CCDC86,604760332
REEP4,151149858
PRR36,0
FAM134B,0
C2orf44,0
YTHDC2,0
AZI2,0
EPS8L2,256842916
RPAP3,0
BCAS3,0
ALG9,0
NO66,0
ANTXR1,299429916
TMEM134,124306158
WDR55,0
MAGIX,0
RANBP3,0
GREM2,0
SH2D4A,124806158
PEAK1,368076974
SYNC,123167058
DOCK5,0
WDR26,262593266
TDRD3,0
ATP13A3,262486916
SUDS3,396279374
C10orf54,304434316
SCAF1,636931891
MVB12B,0
KAT8,0
PHAX,0
UBE2Z,0
YY1AP1,0
CSRP2BP,0
CAAP1,0
METTL7A,123114858
BRD9,250593016
EVA1A,130651458
PLEKHF2,123362858
ANKZF1,0
GORASP2,126514058
REEP1,122465158
HN1L,0
RNF121,0
SP140L,0
C14orf93,122945358
VIPAS39,123175158
COG4,0
USP42,124939358
KANSL2,0
UCK1,121992318
TBC1D17,0
CERS4,362039716
EFCC1,127170258
UBTD1,123108958
MEAF6,0
FBRS,0
SAP30L,0
NMNAT1,282116716
MLXIP,0
C17orf75,0
PLEKHA5,122801258
UPF2,0
CLK4,122627658
PRDM16,0
BCL2L12,127506358
PLEKHA2,0
PLEKHA3,124988158
PLEKHA1,0
SP110,387962874
RRAGC,687867032
RC3H2,0
IFT122,236142858
MKNK2,0
VEZT,0
TAF9B,0
SLC38A10,133725858
EML4,245954656
CBX8,122284258
SENP2,122134638
ZBTB20,257319216
NEK6,0
ZFYVE28,0
NCOA5,302256716
TANC2,248481816
MOV10,123571458
ZNF532,0
ANO8,123903658
CWC22,131489858
NCKAP5L,0
CPNE5,0
SYTL2,0
MSL2,0
TNRC6C,244553596
CHD8,125267058
PCDH18,0
GPAM,123839358
EPB41L5,125573458
GPN1,148043858
CSNK1G1,0
CD248,176763858
ATP13A1,0
CHMP1A,0
JPH1,0
ABCB6,0
ARFGAP3,0
ZCCHC17,122765258
HMG20A,122490158
RAB18,0
PALMD,122333458
SARS2,0
POLM,0
MYOZ1,0
GPCPD1,0
DMAP1,123090058
UBN1,0
PCDH12,0
IL1RAP,123526558
BRD7,121918528
DCP1A,248934126
KRCC1,0
RIC8A,274871716
SEMA4B,0
CD93,0
LUC7L,0
PPAN,0
PLCB1,0
CASS4,244419656
GPRC5C,121987748
COPRS,0
WASH6P,0
TCF7L2,0
JADE2,0
CYLD,0
RPRD1B,269940716
MIEF1,138648858
HPS4,250007816
RRAGD,139891858
PIH1D3,0
PFDN4,0
SLC35C2,0
INCENP,0
KIF13B,0
ANLN,0
GPHN,0
NPDC1,0
UTP3,0
BIRC6,252580316
PDLIM7,529177732
CD163L1,166588858
ACSS2,268427346
DIABLO,0
DDX21,133326858
SAR1A,0
POLE4,0
MAN1C1,0
NANS,0
ASH1L,0
MXRA5,0
SPHK2,504115532
SLC17A5,0
EIF4ENIF1,124249058
CHST12,0
FBXO6,0
DUOX1,368339174
SH2B1,0
CTPS2,0
CHRAC1,0
SNRK,0
BAZ1A,123499058
SLC2A9,125645558
INPP5E,0
SNX15,123074258
VPS45,0
SERINC1,170210858
ARHGAP35,126891358
FAM114A2,0
C1GALT1,0
CREBZF,0
TOPORS,121961358
THSD1,500409532
TNFRSF19,123643958
TOMM22,406412858
MBIP,0
RAD18,0
CTNNBIP1,0
HOMER3,127623058
BRWD1,0
SAMSN1,0
KLC4,124417858
TREX1,250145116
NRBP2,0
BMP2K,0
PDS5B,680248391
SMC4,0
MAN2C1,125856858
RBM12,0
TBC1D22B,0
MDN1,260682716
ZBTB40,127022558
ZDHHC18,125258158
CCM2L,0
STAU2,0
TXLNG,0
SPATS2L,0
TBC1D23,0
TMEM100,364118716
MRGBP,0
RNF19A,0
EXOC1,0
SEPTIN11,0
TMEM184C,0
SLC38A7,123700458
PARVA,370607374
PANK4,121750858
DNAJC11,0
EVA1B,258757216
DNAJC17,0
ASUN,0
INTS10,133386858
PNPO,0
ARMC1,0
POLR3E,246483316
SDAD1,126057458
NECAP2,0
BSDC1,123452358
GPATCH2,244300096
TMEM51,143968858
ARGLU1,0
IFT57,0
TMEM45A,0
TMEM248,0
RNF216,0
SPATA6,0
SLTM,457287374
PAG1,131621858
PARPBP,0
ZNF446,132454858
BABAM1,123955258
CLN6,430762858
ASB6,0
UCKL1,0
NLRP2,0
TRNAU1AP,0
OCIAD1,253003666
ADPRHL2,0
LYAR,122060908
TMEM161A,0
CHCHD3,134430858
WBP1L,0
SYBU,121637648
MIOS,123607258
SMPD4,243992906
CWC25,0
TEX10,0
THUMPD1,255011816
ARHGEF38,0
GIN1,249610116
NDE1,121974998
KCTD5,0
CDKN2AIP,0
NSMCE4A,0
PPP4R2,0
SMPD3,0
AATF,121996368
MTMR4,0
TERF2IP,138737858
ABI2,367875804
PSD3,0
TAB2,0
ZAK,0
TMOD3,256801396
BET1L,128715558
RASL12,0
CELSR1,122271658
PLEK2,0
CDK12,628269501
RRN3,0
TVP23B,0
SIGLEC8,0
UBAP1,0
GGA3,121919368
C9orf78,133780858
RTEL1,0
FAM120A;C9orf129,0
MOCS1,0
WWOX,0
SPG21,0
GRHL1,0
UBP1,0
EIF2AK3,123475458
MTCH1,126428058
HSPBP1,0
MAT2B,0
MYOF,245472596
ITSN2,134978858
GLTSCR1,0
EHD2,324328716
ARHGEF12,376901824
CNOT2,0
NCKIPSD,0
CD274,0
OGFR,255463416
FLRT3,128609658
FLRT3;FLRT1,0
LMCD1,0
SEPN1,0
HACD3,354213716
ADAM22,0
RAI14,997879815
FOXJ2,121694348
VAPA,252066616
H2AFY2,122005188
C6orf203,0
SENP1,248340016
SH3BP4,122704658
SEPTIN10,0
GMIP,246122316
VPS54,0
MDFIC,246888616
TMEM63C,0
CAMSAP3,126793158
PHRF1,1445693390
BTBD7,0
KIAA1522,619677091
PLCE1,0
CCDC88C,122535058
ARHGAP23,0
STIM2,246038416
VPS18,0
KIAA1468,0
DIP2B,0
KIAA1462,1330619682
SLAIN2,0
BCCIP,0
STK26,126389958
ABI3,0
CTTNBP2NL,124884358
IBTK,0
CHD7,122623958
HEATR5B,0
FAM135A,0
CHPF2,0
RRBP1,267837746
SIPA1L2,373231074
ANKIB1,129669658
CPSF2,546158574
RCOR3,255787616
MYEF2,204295858
EIF2AK4,0
CGN,731541991
ARHGAP28,0
HECW2,122586358
ANKFY1,0
RERE,0
GMPR2,0
STX18,122119308
ZNF219,0
MBD2,0
NCDN,0
TFIP11,248219216
EPS15L1,645120191
MAGEC2,0
PI4KB,252709016
MRC2,266889716
XPR1,0
GNG12,263534816
MTRR,0
DHCR7,160560858
METTL1,0
GULP1,0
RNF14,0
SUCO,0
UBA2,0
CTNNAL1,0
FAM8A1,122535758
SEL1L,0
BIN2,656678091
ZMYM2,123539758
PPP1R1B,0
CLIP2,0
ZNF282,0
STK17A,0
ZNF629,0
DAXX,124905358
VTI1B,121333348
STK39,0
ADD3,841699749
DNAJC5B,122014608
LRWD1,266092716
SLC23A2,296974716
PRKAG2,0
KDM5B,0
FETUB,0
CD300A,0
LIMD1,874208749
SLC2A6,0
ZC3H7B,0
TCF20,251928656
HMGXB4,244917346
NDRG3,250557716
ARMCX3,122153198
SUN2,566439432
LIMA1,1710106090
AFF4,0
SRP68,0
TBK1,0
SEPTIN9,124339458
TRPS1,0
SLC7A8,0
DDX20,123281658
NUFIP1,0
BAIAP2L1,0
SAP30BP,122655358
MED13,250592816
SLC12A6,276095816
PUF60,0
NRBP1,130954358
FEZ2,123520558
EVL,259103916
EIF2B4,0
DACH1,0
CTNNA3,0
VPS51,0
ZNF639,122965058
BAZ2B,0
BAZ2A,0
BAZ1B,391020874
SLCO3A1,252013616
DAPK2,0
PHF11,0
LNPEP,122622758
MBD1,132780858
GGT7,0
NAGK,134356858
HOOK1,0
RIMS3,0
RASAL2,0
RPUSD1,0
ZFP69B,0
ERRFI1,0
DBNL,246330716
DDX41,258072816
CDC23,122492358
ANAPC4,0
GGA2,0
SERPINA10,0
CCNL1,136164858
DBR1,0
FAM208A,494984252
HN1,140838858
FBXL4,0
AKAP11,867579087
FBXL2,0
TNIK,377955374
APPL1,0
CDC42EP3,0
TLK1,0
GPATCH8,639754591
PARP4,498365232
RALY,938235591
GTF3C4,131831858
PACSIN3,371120774
IKZF2,0
FBXO4,0
IKZF3,0
ACAD8,0
ANGPTL2,0
AMFR,0
NUP50,0
ZHX1,126472358
CDV3,0
INTS6,124752458
TBX21,0
TAOK2,122324758
EMCN,0
MTUS1,367564524
BRPF3,0
ZNF777,0
ZNF608,0
WWC3,374878074
DENND2A,121654548
PALD1,126317758
SLC39A10,0
INO80,0
CCPG1,127411958
KIDINS220,248445316
ASAP1,122206158
MKL2,0
ATAD2B,0
ZBTB21,122912858
PPP1R9A,123519358
GRID1,0
VANGL2,0
PLEKHG1,0
PRR12,124354858
SHROOM4,371098864
YEATS2,368609874
NDRG4,0
TBC1D24,0
TPCN1,126452758
TMCC3,129754958
TTC7A,256156116
HECTD1,249782816
ZMYND8,1094489166
CIZ1,0
NOB1,126566458
AKAP8L,0
SLC7A7,0
FZR1,0
MGAT4A,122155528
MYO6,0
COL17A1,0
KMT2B,245946216
SYNPO2,1364258624
SUFU,128573558
BOK,0
SYNRG,244444006
NDRG2,391949174
VPS4A,0
SLC6A14,129816858
SOX13,0
L1RE1,0
G3BP2,0
ARHGAP26,0
STUB1,249753416
MAGED2,0
SSR3,588467816
TIMELESS,0
NSFL1C,132895858
PLA2G4C,126045458
COG5,123129058
SLC12A4,385690374
GPR34,129522358
LHX6,0
MACF1,1045560166
CEP131,0
SCAF8,0
PPP6R1,0
TRIM33,0
PHF8,0
AGAP1,0
PDZRN3,122294358
TNRC6B,0
PLCL2,0
SMG5,0
SETD1B,122338058
MAPK8IP3,0
ZC3H4,130424058
USP24,263567086
TBC1D2B,136324858
SAMD4A,123421058
CEP164,0
TRAK1,0
FOXJ3,0
SHANK2,0
DICER1,0
HPS5,0
DNM3,0
NEU3,124876958
PA2G4,190849858
CDK11A,125758358
CTNND2,0
BAIAP2,0
GAB2,0
SMC3,179332858
HDAC5,122458358
CHMP2B,127689058
TNN,0
SH2B3,0
SCML2,0
ZNF148,0
TRPC6,260221266
MTMR7,0
MTMR6,123051358
CDYL,0
HIGD1A,0
LZTS1,0
FOXA2,0
PLAA,0
NUDC,0
CYSLTR1,0
INVS,122810058
WDR83OS,0
SIGLEC7,379338014
ASF1A,0
VPS9D1,0
SSX2IP,0
ZNF652,0
DIP2C,0
ICE1,0
ATP11B,128092558
DLGAP4,0
INPP5F,0
PLEKHA6,248083916
FNDC3A,122636258
NISCH,123370258
NINL,0
PIKFYVE,0
TBC1D30,0
EPB41L3,527618032
AMOTL2,0
ZBTB1,124823558
SIK3,0
R3HDM2,244042766
USP20,276104716
KDM2A,371528374
STXBP5L,0
TRAPPC8,123044458
FRMD4B,0
LRCH1,505090932
ATP8A1,275521416
PTPN22,0
MAP3K2,0
LEMD3,245944316
CARHSP1,557324032
WBP11,246100316
TDRKH,0
MED16,0
NOP58,257347716
GIT1,523905232
ZNF281,0
KLF13,0
NOSIP,0
TMX2,126767258
SIGLEC9,125599658
PLLP,0
STARD10,0
LUC7L2,123400258
UBE2J1,360372858
RBMX2,145084858
RRP15,0
CCDC53,0
RNF11,374530774
MRPS16,0
HDGFRP3,0
CHMP3,129756658
SH3BP1,129226758
CBY1,0
STARD13,247123816
SIT1,127758858
RABGAP1,0
TSC22D4,0
DOPEY2,244347236
ZNF330,0
NOC2L,389595774
CCDC9,122850458
SAMHD1,386486974
C2CD2,0
PKP3,0
SALL2,0
L3MBTL1,0
PRKAB1,175215858
DMXL1,500231132
ATP6V0A2,262027416
TLN1,1501213470
TLN1;TLN2,0
KIF3A,0
TRRAP,383223174
MTCL1,0
VPRBP,0
KDM3A,0
DAAM1,122147908
DAGLA,0
PLXND1,121787058
HECTD4,124712658
FAM21C,244033386
FAM21C;FAM21D,245771916
WDR7,0
USP15,0
FARP1,757740691
KIAA0430,121813168
CEP170B,123140258
FAM65B,121609478
PLEKHM1,0
TLN2,154620858
RAPGEF2,124233158
IRS2,613546921
GPSM3,261754616
MYO5A,262754816
DTNA,386271634
AIM1,0
TRAF6,0
MAP4K5,0
HYOU1,124696058
ATG4B,0
WIPI2,0
LAS1L,381495374
TMEM184B,0
PRRC2C,0
YIPF1,128416658
PPME1,0
RIPK3,249735716
TRIM17,0
RBM7,125888458
KCTD3,0
YTHDF2,0
CTDP1,0
PAXBP1,125339758
SUPT16H,0
UTP18,726160091
CD2AP,122447058
SRPRB,122436858
COL4A3BP,0
GTF3C3,129101958
TRPV2,123516058
CDC42BPB,260786316
RBM8A,515248472
USP16,125828658
TSSC4,0
SNX14,0
SNX13,0
SNX9,0
SNX8,0
SNX5,0
FLVCR1,125696858
PTGDR2,0
PEX16,0
HEBP2,0
PUS1,0
LRRFIP2,508287132
FHOD1,147377858
F11R,457015574
SPIN1,0
SLC12A7,294096416
COPG1,0
AUP1,124591458
CLIC4,0
TACC3,0
SPCS1,125990058
AP4B1,0
EMILIN1,0
ARFGEF2,382065854
ARFGEF1,122612758
MAD1L1,0
MRVI1,371834374
DYNC1LI1,281534716
EPN1,397495674
TEX264,124181458
CABIN1,123521858
TAF6L,122408358
DNMT3A,0
IKBKG,122494258
IGF2BP2,0
CSNK1G3,0
SLC4A7,260865216
SQRDL,0
ROBO1,122833558
SESN1,0
AP1M2,0
NCOA3,243257316
NUMBL,136988858
SLC4A4,768943449
MAP3K4,0
CCDC61,381836274
WASF2,373809274
SETBP1,0
FAM169A,0
MYO16,0
MORC2,124458458
IVNS1ABP,122773758
SEC23IP,122693058
