GeneID,Intensity.LUAD_phos_02T
RBM47,0
E2F8,113129424
UBA6,0
ESYT2,1254066801
ESYT3,0
MED19,241145189
UHRF1BP1L,246017489
KIAA1598,116330644
LNP1,0
ARHGAP10,0
CCDC64B,120276544
MEX3A,0
C1orf226,245218689
PLEKHG3,700326287
SH3PXD2B,0
FRMD3,0
CXorf23,116685344
NBAS,274695489
TESPA1,228781689
KIAA1467,0
DENND3,0
SBNO1,0
KLRG2,0
RAB19;RAB43,0
SH3D21,0
XIRP2,0
POTEF;POTEI;POTEJ;ACTB;ACTG1;POTEE;POTEKP,114663244
POTEF;POTEI;ACTB;ACTA2;ACTG2;ACTG1;ACTC1;ACTA1;POTEE,116098044
POTEF;ACTB;ACTA2;ACTG2;ACTG1;ACTC1;ACTA1;ACTBL2;POTEE;POTEKP,139359244
CCDC151,0
CNOT1,0
ARHGEF35,0
ARHGEF35;ARHGEF5,0
BDP1,135794244
CCDC88B,248558889
FAM83G,0
PALM3,0
SOWAHB,0
ZNF316,298856489
TLCD2,114402544
CCDC69,112785334
WTIP,114231844
PCNXL2,166441244
CCDC85C,0
PCP4L1,0
TRIM64C,0
BTBD11,0
ZSWIM8,0
ARHGAP32,0
DISP2,0
TBKBP1,0
POM121C,115066144
POM121C;POM121B;POM121,0
POM121C;POM121,344591133
EFCAB7,113560444
NEURL1B,114703644
NCF1C;NCF1;NCF1B,119112644
FAM171A2,117158944
WASH4P;WASH1;WASH3P;WASH2P,0
WASH4P;WASH1;WASH3P;WASH2P;WASH6P,0
COL6A5,0
MYO1G,115738644
MYO9A,114452444
SMIM1,118360144
TMEM229A,0
PPP1R3G,117983744
TMEM238,0
FAM195B,118307044
NACA,279464489
CNKSR3,0
CNKSR3;IPCEF1,233457589
AGPS,230386649
KIF2A,122277244
DDX39A;DDX39B,0
PDLIM1,228464089
MYO1C,118473744
SNAP23,476807728
FXYD1,0
GTPBP1,131752244
STXBP3,113667944
ARVCF,613856923
SMAP,227475244
RAB27B;RAB27A,0
AP3B1,307589839
SULT2B1,0
NFKBIE,0
PSMD11,123650244
MEN1,125130244
CBX4,120793044
SUPT5H,241403189
DFFA,0
RFXAP,0
HIP1,113737744
CLIC1,0
EIF3F,0
WWP2,112974264
ARNTL,0
PIK3CD,0
PDHX,0
QSOX1,0
FOXN3,244826189
IPO5,0
EEF2K,0
EML1,0
DNM1L,129957244
PIK3C2A,348321633
LST1,0
GOLIM4,137112244
MEIS1,126525244
ELL2,0
BTN3A1,0
BIN1,351364433
CLDN5,0
KPNA3,151732244
STK25;STK26;STK24,0
BCL9,232355589
LAD1,341197833
EBAG9,597545244
SDCBP,0
PITPNM1,347710333
MPHOSPH10,397341733
NOP56,617506643
PEX12,0
KPNA4,0
NFIB,261283489
ACACB,0
SCD,131361244
PPAP2A,0
PPAP2B,114914544
ARID1A,478727178
BHLHE40,0
C2CD2L,0
FCHO1,0
TRAFD1,561144878
HSPB6,114592744
CIT,0
COPE,237590489
CDC42EP2,0
AP3D1,261117489
ENPP3,0
ABLIM1,1046221757
DVL1,0
DVL1;DVL1P1,0
CHD1,114553344
CHD2,340105913
STX16,112541324
EI24,120108944
TP53I11,363525244
KMT2D,1542813920
RGPD8;RGPD5,0
RGPD8;RGPD5;RGPD1;RGPD2,123509244
RGPD8;RGPD5;RGPD1;RGPD2;RANBP2;RGPD4;RGPD3,234790189
RGPD8;RGPD5;RANBP2;RGPD4;RGPD3,116734244
PDCD5,0
SLC9A3R1,687374623
NRP1,0
TNPO2,114789044
APOL1,240352889
UNC13B,116241044
RASGRF2,116266044
SCAMP3,387054489
BACH1,229463989
BCKDK,0
IRF6,0
GIPC1,114521244
IKBKB,0
RGS12,115638544
CASK,0
PPP1R12A,617579633
GAK,355315033
ZNF263,0
HNRNPDL,133112244
XPO1,345927233
ARHGEF10,114896244
ZNF609,472533578
ZNF646,114398744
PDZD2,113173844
SPTBN2,122866244
MAST4,227789789
SEC16A,1089699567
PLXNB2,114832244
AREL1,238344089
KHNYN,114133644
U2SURP,376008583
SETD1A,372623133
SYNJ2,348058433
SYNM,473701978
KIAA0355,115012844
MCF2L,240122689
DCLK1,355035323
ARHGEF11,1318163591
FYB,0
TBX3,0
SCAMP2,552555244
ARPC1B,117556744
BET1,115413744
TRIM24,0
PGRMC2,1531605734
CTDSPL,0
SMAD9;SMAD1,0
RGL2,112603794
NKRF,0
ZNF185,378258433
CASC3,117112044
RER1,322957489
ATXN7,0
MID1,0
MID1;MID2,113776244
INPPL1,239710589
SLC16A4,0
HDAC3,130929244
SIGLEC5,114056744
STX7,139033244
TOX3,0
FOXP2,0
TNRC18,479822678
SLC16A3,150877244
SLC31A2,0
ABCC3,230280889
ABCC4,258889889
ABCC5,0
CD3EAP,0
MSH4,112397534
PER1,0
RNF113A,0
KDM6A,114247344
CLDN3,293202489
FFAR2,0
ZZEF1,130202244
ASAP2,0
RRP8,244080389
PJA2,232363289
SIPA1L1,757417817
ARHGAP6,0
PHF1,0
GPR39,0
SEPTIN4,266595489
DYNC1LI2,247445389
PSMD3,0
SART1,395405244
SPINT2,129511244
HSPA12A,0
CCP110,120655844
ADCY6,113595444
CTIF,128233244
PPIP5K2,121594144
MAP3K7,127344244
RIPK2,230064189
RASA4;RASA4B,114579244
WDR62,117948644
PRPF3,170407244
TXNL1,115171644
TPD52L2,385192933
SYNJ1,130857244
EIF4G3,249274889
CBFA2T2,230949889
AKR7A2,0
EPB41L2,470523478
TGOLN2,957204637
WIPF1,0
ATP8B1,0
FOXO3,0
SMAD6,0
SGCE,114988944
LAT,114441444
RGS14,122671244
RNF13,232300889
AKAP10,0
SYT7,0
DENR,115357444
SPRY2,0
DNPH1,0
CHMP2A,0
RGS10,112764094
BUB3,0
AKAP7,0
ACTN4,113781144
ACTN4;ACTN1,0
ACTN4;ACTN1;ACTN3;ACTN2,131520244
PRKAB2,307414289
STX6,114158544
SYNGR2,122921244
SGTA,116876944
ENSA,121786844
ENSA;ARPP19,0
STRN,0
RRP9,363318633
C21orf2,0
AKAP8,350696133
ZBTB14,0
NRD1,119461044
CALU,129556244
AHCYL1,0
KIF1C,235712489
TYROBP,120080944
FIGF,0
PEX1,235119389
RAD21,113336544
TIMM8A,0
KALRN,0
DHX16,117625944
SSSCA1,0
PPP1R12B,0
BNIP3L,782828267
SH3BP5,0
PLIN1,0
BAI3,0
MED14,136512244
PCDH7,122378244
PRPSAP2,174159244
SMARCA5,230716789
GPRIN2,0
SPAG9,503888933
SUSD5,0
MGRN1,0
SIPA1L3,121356944
ZFC3H1,0
TRAK2,0
LZTS3,114452344
KIAA0556,0
AQR,0
MAST3,0
ATP10A,0
ZEB2,354026533
MCM3AP,123581244
KIF1B,349754093
KDM1A,617759643
TBC1D4,227372589
FZD6,0
HBP1,0
PPL,555720378
EVI5,116492644
LY75,0
PLXNC1,180219244
MPZL2,0
ACSL4,114043044
SNX3,115557344
DOK2,113049664
STX10,235925809
MGEA5,132503244
ADCY9,0
SORBS3,587193908
EIF4EBP3,0
NEMF,362742233
GMDS,0
NMT2,112929274
GREM1,114562644
EIF4E2,0
CCNT2,227580909
SELENOF,113596744
PDE8A,0
PDE8A;PDE8B,0
PLIN3,236999189
SLC16A7,0
MAFK,114518544
PRMT3,237493889
KPNA6,114753444
UGDH,116378144
LPXN,122588244
SNX2,396486733
DPM1,0
USO1,216335244
TOM1,366360133
PFKFB2,228409189
EIF5B,1379738351
GAS7,115133644
BRD4,378966733
OPHN1,0
PPP1R11,522056978
RNASEH1,0
NBN,0
NOL3,0
DTNB,0
LILRB3,123065244
LILRB5,119465644
MITF,115993144
SRGAP2,0
SRGAP2;SRGAP2B;SRGAP2C,117204344
NOS1AP,227357029
IGSF3,0
DENND4B,113114424
TMCC2,124871244
CBFA2T3,0
LRP4,0
LDB3,0
N4BP1,0
ROCK2,0
CLASP2,113629544
COBL,0
CPNE3,152464244
ZBED4,0
DEPDC5,230742889
ATG13,0
OBSL1,0
PHF2,616154823
PHF2;PHF8,126962244
ZC3H11A,466439038
RAB11FIP3,0
SOCS5,0
NPHP4,114691944
PHACTR2,0
PPP6R2,116338644
CNOT3,0
ANKRD17,237434789
SIN3B,0
DNAJB6,121277244
SNN,119197644
VPS4B,122407244
VPS4B;VPS4A,0
ENTPD3,0
ZNF217,119245744
H2AFY,637490223
FLNB,469453628
NCOR1,960140356
VAMP4,245545244
PEX14,237575289
TRIM3,117907244
ULK1,114024644
SLC43A1,229466589
SEC22B,828282078
DEAF1,0
PRPF40A,885081112
TACC1,125710244
GIGYF1,0
LRCH4,114819144
SAP30,0
MED24,247572789
KATNA1,117964844
ERN1,0
PSIP1,1080115712
SRSF10,823044733
CLDN11,0
TNFRSF21,0
TADA3,0
SF3B1,1229152566
WBP4,0
SKAP2,241177089
PRKRA,517626533
RPS6KA5,0
MYCBP2,1195305446
NPM3,0
PRDM1,114611044
REM1,0
SNRNP200,728716389
OFD1,457149048
TOM1L1,0
RPS6KA4,116499344
SURF6,119751144
UTP20,133519244
NUP155,277117389
TCEA3,119377244
PALM,0
GRAP2,233051289
CAPN15,0
BCAR3,0
EIF3G,340207689
EIF3J,172360244
PPP1R37,114527544
DGAT1,114303144
CCNK,136998244
DYSF,0
PIAS1,122436244
FLOT1,0
TRIO,0
MPDZ,226942259
CPD,298493489
SASH3,124508244
GLRX3,0
RSL1D1,277356609
WFS1,114622644
NEBL,245014589
RNF8,0
PDE5A,0
ZFAND5,0
SRP72,141104244
RECQL5,143123244
URI1,0
STK17B,0
ECM2,131273244
MTA2,0
USP1,0
STK10,244695689
PRKD3,129120244
PRKD3;PRKD1,352672293
GFPT2,0
TPPP,0
KBTBD11,115987944
ATP10B,0
TOMM70A,123848244
MYO1D,0
TOX4,0
MICAL2,120556744
KIAA0754,115206144
SUPT7L,136836244
FCHSD2,0
UFL1,137834244
SORBS2,1164324601
TMCC1,267974489
PHF14,512970178
SASH1,825863912
TMEM63A,248817489
FARP2,0
UBXN7,0
SUN1,118572744
PROSC,117686744
PRPF6,0
PCF11,229002789
FRYL,114833944
CDK14,115839044
GLCE,0
ABLIM3,231811739
KDM4B,0
KDM4B;KDM4E;KDM4C,0
SLCO2B1,274064889
WDR47,0
TRIM37,0
SEC31A,1107323223
CEP152,118335544
FAM13A,0
ARHGEF15,0
TJP3,621134623
YIF1A,0
UBR5,448346433
FSBP,0
SCAF4,0
UBE4B,234434289
SCEL,345071233
VAMP5,0
RTN3,122630244
ZNF205,263280489
EPN2,118797244
STBD1,124674244
ZRANB2,488213933
LUC7L3,0
KIF20A,113353044
MBD4,0
SBF1,228110639
KAT7,603134223
ABCC6,0
PDE8B,0
KCNK5,113204644
VAPB,474236878
SNAPIN,0
MPZL1,632591523
PGLS,0
TACC2,231212289
TRIM16,112821094
ZBTB7A,250350789
MAP3K6,0
SLU7,254271489
PGM3,114995544
RAPGEF3,0
CD2BP2,505516233
MED26,0
ZFYVE9,0
SVIL,1503261046
BAG4,113404044
SLC34A2,0
PARN,252327789
FMNL1,738902078
CLDN7,115842644
ABCA1,0
SEC24B,231377689
LPHN2,341035963
CBX6,115073244
NADK,120770844
SFT2D2,115029244
ACSL3,0
POLR1A,121122644
PCNT,581343523
CNOT4,0
NFATC1,0
ASMTL,238082989
CDS2,240135244
FGFR1OP,253922489
PPP1R3D,0
BRD1,233114789
POP4,0
HERC2,0
HERC2;HERC2P3,235660289
OXSR1,233506489
PTBP3,0
STARD3NL,781232167
WIZ,113518344
DDX58,0
STAU1,0
TMEM50A,112833894
BAG2,0
BAG3,447557953
MAP4K4,232238389
AIFM1,246902889
LATS1,118573844
TSPAN13,0
ABHD16A,0
C6orf47,0
EOMES,0
S1PR4,0
BCL10,0
MOCS2,0
PEX11B,0
PAK4,241002689
CHEK2,0
APBA3,113890344
LDHA,0
ALDH1A1,112735244
CYB5R3,113427944
PNP,0
ABL1,116726944
EGFR,382749233
PGK1,117173544
AK1,0
F9,0
PLG,0
CA1,0
CA2,0
SERPINC1,114501544
SERPINA1,0
KNG1,318897089
FOS,0
MYC;MYCN,0
PIGR,1619922268
HLA-B,0
HLA-DRB1;HLA-DRB3,0
HBD,0
HBD;HBB,0
COL1A1,143603244
SPTA1,226282749
APOE,0
APOA2,113975344
FGB,0
MBP,118798944
GYPA,392045633
SLC4A1,545775733
FN1,415715244
AHSG,115800944
TFRC,0
FTH1,367905244
VTN,243111089
HMGCR,0
CAT,117437044
RAF1,236128489
RAF1;ARAF,172192244
ALDOA,256050489
ANXA1,123658244
APOB,120918944
NR3C1,117324344
TK1,120603644
CD74,118300144
SEMG1;SEMG2,0
GAPDH,112752634
ERBB2,597615823
TP53,0
SLC4A2,494451978
GYPC,0
ATP1A1,122465244
ATP1A1;ATP1A3,0
ATP1A1;ATP1A3;ATP4A;ATP1A2,0
APP,126727244
HMGN1,386337933
PRKCG;PRKCB,176816244
SLC25A5;SLC25A4;SLC25A6,117822344
ALPL,0
ALPP;ALPPL2,112985174
EIF2S1,115193944
ICAM1,132297244
RPLP2,275532689
RPLP0;RPLP0P6,412591489
JUN,127612244
JUN;JUND,119913344
SSB,0
PRKCB,0
KRT18,499588278
UROD,0
FYN,113323544
GSN,119669344
RB1,115436244
PTMA,125228244
CDK1;CDK3;CDK2,120973344
ATP5B,0
S100A9,0
S100A6,0
APOA4,113650644
ENO1,230158789
ENO1;ENO3;ENO2,0
NPM1,692050133
TPM3,112920704
TPM3;TPM1,0
EPHX1,0
NEFM,0
CENPB,127980244
P4HB,0
FES,0
CSF1R,113089564
CTSD,0
ANXA2,0
ANXA2;ANXA2P2,1585522757
GP1BA,0
CAPN1,0
ADRB2,0
BPGM,114381244
APRT,0
EPRS,279232489
HNRNPC,1512014223
UQCRH,115642744
YES1,237952889
LYN,358627233
SFTPB,0
GJB1,0
SP1,0
ZFY;ZFX,116426044
ANXA6,225632519
NGFR,0
ABCB1,0
SLC3A2,112947084
NR3C2,0
HSP90AB1;HSP90AB3P,281775244
SRPR,617524733
MME,126952244
PDHA1,252035489
PDHA1;PDHA2,541643633
PTPRC,568217489
MET,116024544
ADRB1,0
SNRNP70,191385244
HCK,0
ITGA5,313075244
NFIC,370706023
RPS17,112830104
ANXA5,0
RPSA,0
IL6R,0
ADRA2A,0
SNRPA,0
HOXD4,0
GSTA2;GSTA1;GSTA3,0
SNRPC,0
LGALS1,118106544
TPM1,246466489
CLTA,120049544
ANXA4,122558244
CNP,118651844
CD7,0
HMOX1,0
CSF1,0
PDGFRB,113231544
HNRNPA1,570240733
HNRNPA1;HNRNPA1L2,0
PARP1,0
ALDOC,0
TFPT,364587633
ATXN1L,228621389
POLR2M;GCOM2,235756389
SMIM13,0
RGPD1;RGPD2,116734244
RGPD1;RGPD2;RANBP2;RGPD4;RGPD3,0
HSPA1B;HSPA1A,121020344
HSPA1B;HSPA1A;HSPA6;HSPA7,0
PGBD3,0
GLI3,0
ZBTB48,0
GLI4,0
TROVE2,0
RRAS,0
ARAF,0
HIST1H1E,339848689
HIST1H1E;HIST1H1B;HIST1H1D;HIST1H1C;HIST1H1A,0
HIST1H1E;HIST1H1D,180997244
SPP1,1207125001
PTPRF,115339644
NR2F6,0
NR2F1,0
MAPT,0
PRKAR1A,237975244
KIT,114008644
HSPD1,119891244
CLU,0
IRF1,113626544
HSPA5,0
MAP2,269779489
SLC2A1,271759189
SLC2A3,0
EPB41,582890423
PYGB,0
RALA,0
BCR,367573933
ERG,0
TOP1,115822144
TOP2A,1177811401
G6PD,115151144
ESRRA,0
DMD,343468463
SFTPC,112542924
IGF2R,646507133
SRF,253906489
MS4A1,234599389
COL6A1,0
COL6A3,117212244
TPR,469999778
ANXA3,0
BCKDHA,724920489
SKI,0
ACTN1,347373333
ACE,0
CDH1,230120389
SRC,625725733
XRCC6,113289344
UNG,237284589
NR2C1,0
GP1BB,129891244
RNH1,233133489
CYBA,337327489
SCG2,0
CFTR,0
VCAN,527235289
ITGA4,152836244
CEACAM1,0
HLA-A,578807733
HLA-E,0
HLA-DRB4,112820884
LCP1,594704433
PLS3,112957034
APEH,0
GYS1,135336244
PRKAR2A,1841374978
CCDC130,119205844
CD99,114248844
PRKCSH,0
HCLS1,127585244
PKM,239127589
HSP90B1,229528169
SLC2A4,0
HNRNPL,0
DARS,0
ETS1,0
JUP,246065989
BRAF,398433833
PVR,0
PGAM2;PGAM1;PGAM4,113393944
IFNGR1,0
B4GALT1,0
EZR,113429044
ATF2,274797889
UCHL3,0
FOSL2,371129833
NME1;NME2;NME2P1,121186044
HIVEP1,227672189
RPS2,115638144
TCF4,0
TCF3,116440744
DSP,764990867
MUC1,699465317
CD44,134995244
ITGB4,230328989
SPN,244490189
CBR1,0
CREB1,119628544
PECAM1,0
PPP3CB,118539044
NCK1,155897244
GCFC2,242929889
HIST1H1B,1016353134
HIST1H1D,446388433
HIST1H1C,563272489
POR,113097904
EPB42,0
MGMT,0
ATP2A2,153991244
STMN1,485177178
STMN1;STMN2,0
YBX3,0
YBX3;YBX1;YBX2,0
ZNF22,147797244
ZKSCAN1,253216489
ZSCAN20,0
HMGA1,749181978
TMEM11,0
IFNAR1,117110444
PRKCA,302467489
JUNB,234633689
GJA1,246212389
UBTF,122268244
JUND,0
ATF7,117835944
PRKACA,114859644
PRKACA;PRKACG;PRKACB,119361744
DES,236075089
PTPN2,348450433
CTPS1,296764489
PFKL,0
IGFBP3,116250644
SPI1,0
TCP1,236033379
PTPN1,350570433
ARF4,114862844
PTPRA,0
NELFE,367228333
LAG3,115156144
PGAM1,238652789
PGAM1;PGAM4,0
RCC1,305075244
SDC1,0
LIG1,470735578
XRCC1,914925978
PAM,113491044
MYL12A;MYL12B;MYL9,264780489
PLCG1,112623034
NCL,635384503
ELK1,0
TRIM21,0
TFEB,236802289
TFE3,243603889
SLC9A1,428017133
ITIH2,118150344
NFKB1,112868194
NCF2,0
TYMP,0
ATP2B1,308902489
ATP2B1;ATP2B2,121869544
EIF2S2,289511589
CD33,117481144
TPSB2;TPSAB1;TPSD1,0
CD22,0
RAB4A,113250644
RAB6A,121513544
MX2,0
LMNB1,489426478
LMNB1;LMNB2,188420244
HOXA5,0
BCL3,117870844
CAST,897595832
PTMS,0
CDK11B,0
CDK11B;CDK11A,618798978
CSRP1,135799244
FLNA;FLNC,115826044
NF1,598920923
MAOA,114146244
S1PR1,0
TNFAIP3,0
TAF1,115423444
C5AR1,178443244
TBXA2R,115640744
MSR1,394883033
VDAC1,143885244
ERBB3,233918589
TGM2,121887644
OSBP,1026676712
FBL,0
CDH3,0
PAICS,0
SCP2,0
UBA1,0
ENPP1,123178244
FGFR4,0
HIST1H1T,0
HNRNPA2B1,346974433
RFX1,120018544
CBL,0
PRKACB,114242544
MRC1,118534344
FBLN1,365705244
TCEA1,372758489
SFPQ,0
KEL,0
HRC,352176733
RPS3,331205244
PTPRG,0
PTPRZ1,0
SP100,1772976646
MCC,113381544
NFYA,144581244
CFL1,141531244
EIF4B,233353889
ATP2B4,114588544
PAX7,113951444
EEF1B2,431590489
AKAP5,0
IGFBP5,0
PRKCH,125030244
TNC,1806874679
POLR2A,735393967
APC,231183089
ADRBK1,113217944
PTAFR,0
F2R,0
MCM3,717505923
BRD2,277606489
FAS,116506244
YY1,135254244
DNAJB1;DNAJB4,113981944
DNAJB2,0
ATP5A1,114184844
PSMA3,0
MSN,347084583
PTPN3,114945344
DNMT1,120046644
U2AF2,425579489
RPL13,0
PTBP1,112420984
ZFP36,0
PLN,123462244
IL3RA,0
STOM,114017044
MAPK3,287128489
MARK3,114216244
MARK3;MARK2;MARK4;MARK1,128418244
ARNT,0
RPA1,0
DCK,118245344
CAD,249768089
CALR,0
PDE4A,0
MAP4,1507389061
PIK3R1,0
PSMA5,114087144
HLA-DMB,0
CHAT,0
TEAD1,0
SMARCA1,121240344
MAPK1,270042489
ERCC5,367114433
GRN,112848694
PTPRM,0
EPHA2,0
EPHB2,0
PTPN6,114494744
SHC1,118219544
ARID4A,112460164
KDM5A,0
TKT,114328044
NOS3,493946778
LMOD1,466082978
OAS2,0
MARCKS,1357116112
AQP1,271600489
PRDX6,113804744
PEBP1,143272244
FCER1G,173530244
CDC25B,0
NKTR,371524133
NMT1,253062489
HLA-F,0
LRPAP1,132221244
ADSL,122287244
CLIP1,0
CLIP1;CLIP2,133435244
PRKAR1B,114540944
PRKAR2B,558058933
RRM2,0
SDC4,0
HIVEP2,0
SLC6A4,0
AKT1,0
AKT1;AKT2;AKT3,0
AKT2,120680144
HNRNPH3,0
HNRNPH1,0
HNRNPH1;HNRNPF,0
HNRNPH1;HNRNPH2,268185244
STIP1,0
S100A11,128571244
VIPR1,0
CCR1,286619489
PYCR1,0
SLC8A1,0
ELF1,305619489
ICAM3,0
ACSL1,0
KIF5B,170548244
CSTF2,0
ABCC1,122965244
SDC2,0
EVI2B,230143489
EPHX2,0
HSPA4,112868564
CTNNA1,962434923
CTNNA1;CTNNA2,1029013978
CTNNB1,742393628
BMI1,0
NF2,0
RDX,0
RFC1,0
GTF2F1,115260944
SPR,0
HRH1,114209644
PTGER4,115321744
THBS2,0
FBN1,841840489
IRS1,225534959
MYH10,1874353951
MYH10;MYH11,0
COPB2,271035244
ADD1,780718567
ADD1;ADD2;ADD3,120842144
BSG,122125044
NUP214,745398967
HNF1B,0
SOX5,0
SOX5;SOX6,113530044
SLC16A2,123297244
GJA5,115296144
MAP2K2,247822689
MAP2K2;MAP2K1,0
CPOX,0
RPL4,0
PGM1,130689244
ACVR1B,0
GNL1,295981489
ACVRL1,239991189
TGFBR2,236193889
HPCAL1;HPCA;NCALD,0
ZEB1,0
TAGLN2,313855244
TALDO1,114144244
RBMX,161574244
RBMX;RBMXL1,248645244
COIL,130599244
EIF4A3,114237244
COL18A1,0
CAPG,116734244
CAP2,0
IL6ST,0
TXLNA,114637444
PSMB10,0
PBX2,233031189
MLH1,120252944
STAT3,636032378
USP8,346677489
PEX19,113950344
MDH1,0
ETV3,233316489
CASR,0
BCL6,0
CETN2,220335244
ETV6,699423478
NAA10,0
KDM5C,117492344
PPP1R2,0
PPP1R2;PPP1R2P3,314932489
MAP3K8,0
SLC19A1,0
PRKCI,0
ELK3,113706644
TMPO,1035660823
STAT1,167158244
STAT5A;STAT5B,123911244
ARHGAP25,352169123
MTOR,262126889
PI4KA,227786689
EPS15,668767423
CASP2,0
RPS27,117094844
ABL2,114061944
FRK,233573789
HELZ,0
RBM34,116567144
WAS,239390089
HTT,373680833
SLC1A1,0
SLC1A4,124892244
MCAM,114756944
DCC,0
MATR3,1134920223
GRK6;GRK5,116907744
GPD2,112943514
SSR1,120133744
RANBP1,117724544
PSMC4,0
NKX2-1,172540244
VDAC2,132379244
CBX5,112898064
USP5,0
MAP2K4,0
MKI67,345812733
PHKA2,118572644
PHKA1,115565644
NOP2,0
ATRX,1669635080
CRK,0
BAG6,521009878
NSF,227186379
MAP2K3,0
MAP2K3;MAP2K6,0
RPS10;RPS10P5,115280944
NEDD4,0
YAP1,450221743
UTRN,373806333
IQGAP1,243383689
PLA2G4A,964580367
RAP1GAP,229744429
CAPZA2,118610244
CAPZB,121627244
SCTR,0
ZFP36L2,114327544
LIMS1,0
LEPR,0
RFX2,113926144
RFX5,0
ARCN1,0
IFNAR2,229370689
TRAPPC10,114292344
PRRC2A,701183177
GSS,0
PTDSS1,131556244
CSNK1D,0
CD97,234760389
MARCKSL1,371151733
PXN,466164578
NR2C2,239278189
SLC11A1,0
NASP,417379433
FMO5,0
FASN,125797244
FNTA,0
FNTB,0
CCT3,0
ARRB1,117162644
CYB561,0
CENPA,0
CENPF,344573633
PCYT1A,275706489
PCYT1A;PCYT1B,113765344
HARS2,128978244
MCM2,573651278
YLPM1,227304459
RBM25,384857389
NUMB,114384944
CLK1,267952489
CLK1;CLK4,118165444
CLK2,130284244
CLK3,480524578
PSEN1,0
EIF2B2,0
NUP153,1095492831
RANBP2,1119840257
RANBP2;RGPD4,117441244
RANBP2;RGPD4;RGPD3,123509244
RGS19,118530844
RGS3,228793189
PSEN2,357046533
TSC2,364982433
GSK3A;GSK3B,143848244
GSK3B,0
TAF6,370190733
NT5C2,0
SEPHS1,0
SEPP1,0
GMPS,0
LIG3,128404244
MRE11A,242024489
GNG10,230368489
EMD,513645078
SLC26A2,117356544
SERPINH1,0
PDLIM4,980271433
PEX5,0
ERF,0
VASP,141650244
DNM2,0
CDK7,152642244
HLCS,0
CDK9,0
LRBA,268969489
BCAM,118959044
CCT8,120061144
PAPOLA,0
FXR1,117685344
FXR2,277324489
RAB7A,141494244
RAB9A,115443044
RAB27A,0
SCNN1B,0
PLCD1,136521244
DAP,0
MMP15,117940244
NOVA1,0
ZNF84,0
SMARCA2,1049923712
SMARCA4,1011743457
BCAP31,0
P2RX1,0
TPMT,118652844
RENBP,0
MECP2,324465244
HCFC1,365509433
CAV2,484266633
ALDH3A2,113448444
HSD17B4,131326244
GPM6A,0
KCNQ1,0
CLCN7,254516489
VAMP7,227160349
RPS6KA3,239106989
RPS6KA3;RPS6KA6;RPS6KA1,116661044
PRELP,115449344
CCNH,0
MNAT1,115328144
NEK4,114596844
HNRNPA3,0
PGD,0
HNRNPM,252469489
KPNA2,0
NCBP2,113037484
JAK3,0
ARHGDIA,0
SLC7A2,0
AGFG1,355247233
HNRNPF,0
STAT2,113009294
MSH6,748977467
KIF11,118587444
VAV2,0
RBM5,266376489
EFNB2,115876544
DGKQ,0
CAPZA1,0
HMGA2,114333144
CRIP2,131262244
NUP98,925854767
BLVRA,0
SLC25A1,0
DAPK1,0
ARFIP2,0
ARFIP1,268311489
ACLY,255591989
MVD,0
COPA,115729044
RCAN1;RCAN3,0
SMTN,0
SLC16A1,237933589
IST1,0
SUB1,880117312
CLNS1A,396005244
HIRA,0
ATXN3,0
ATXN1,0
ATN1,117707644
TERF1,0
PMS2,0
USP14,119487044
PRKAA2,0
PRKAA2;PRKAA1,129481244
RAD23A,199278244
RAD23B,277489689
EPHB4,0
AK2,0
NAPA,112640684
AIF1,186380244
EIF5,0
SLC12A2,388261533
PSMD4,235786289
VCP,115940944
MFAP1,1635050712
AQP4,395532133
NCKAP1L,0
MLLT4,1176353611
MLLT6,237419889
ELL,0
BRPF1,235200089
NAP1L1,0
ADAR,143309244
LAMB2,0
CDH6,0
CDH11,407833433
FOXA1,140495244
TPD52,0
PKNOX1,118195844
HNRNPH2,0
EIF3B,222245244
FCGRT,113715244
MARS,0
AP1S2,0
HDAC4,258709189
CLDN12,233222189
CLDN18,352825333
BCAR1,0
STX17,122505244
SIK1;LOC102724428,0
RWDD2B,113876644
UBASH3A,0
WDR4,123336244
TBX4,0
EVC,0
KLF3,0
RAB38,0
CORO7,244635489
CLDN2,0
NUP107,233574389
SNX16,0
EEFSEC,0
SESN2,0
EPPK1,1214812278
MLF1,117389844
FAM3B,118062444
EVA1C,0
GNG2,115728644
TPI1,209887244
SEC61B,345839089
PTEN,114888644
ACTB,0
ACTB;ACTA2;ACTG2;ACTG1;ACTC1;ACTA1,0
ACTB;ACTG1,115690244
ACTB;ACTG1;POTEE,0
RPS20,0
DSTN,232235589
RAB8A,122949244
RAB4B,112843134
RAB2A;RAB2B,0
CXCR4,0
RAB14,118541244
ZC3H6,0
ACTR2,115318744
RAP1B;RAP1A,0
MAX,254008489
RPS3A,117274944
MAGOH;MAGOHB,0
SEC61A1,121628644
STXBP1,0
COPZ1,0
UFM1,133232244
AP1S1,0
HNRNPK,487150333
RRAS2,257475759
RPS8,0
YWHAE,140653244
RPS29,113659444
TMSB4X,121943744
SELT,113070664
RAB11A,0
RAB11A;RAB11B,112752214
CNBP,0
ACTA2;ACTG2;ACTC1;ACTA1,0
RPS6,0
HIST1H4A,162309244
HIST1H2BC;H2BFS;HIST1H2BK;HIST1H2BM;HIST1H2BL;HIST1H2BO;HIST1H2BD;HIST1H2BH;HIST2H2BF;HIST3H2BB;HIST1H2BA;HIST1H2BN,0
HIST1H2BC;H2BFS;HIST1H2BK;HIST1H2BM;HIST1H2BL;HIST1H2BD;HIST1H2BH;HIST2H2BF;HIST1H2BN,0
RAB1A,0
RAN,0
GNB1,0
GNB2;GNB4,113597544
UBA52;RPS27A;UBB;UBC,114748844
TRA2B,1496155612
TRA2B;TRA2A,865130489
AP2B1,116485944
VAMP2;VAMP1;VAMP3,136852244
VAMP2;VAMP3,114331144
GNAS,114796544
YWHAZ,132244244
SUMO1,227845244
SKP1,128472244
GNG5,232602089
TMSB10,0
YBX1,362746133
CSNK2B,0
TPM4,0
TUBA1B;TUBA4A,116644944
TUBA1B;TUBA1A;TUBA3E;TUBA1C,119525444
PAFAH1B2,0
HIST1H3A;H3F3A;HIST3H3;HIST2H3A,115610544
HIST1H3A;H3F3C;H3F3A;HIST3H3;HIST2H3A,0
HBB,231171789
NOMO3;NOMO2,0
HBG1,0
HBG1;HBG2,0
HBA1,229541589
CXADR,119300044
FAM193A,0
SH3BP2,0
NOP14,0
RBM6,248847349
EIF4G2,135857244
RPP30,118323344
GTF2I,341627053
SRPK2,229039889
PHC1,235140189
CCT2,0
BTN3A2,0
IRX5,0
IRX1,0
IRX3,0
ST5,228271889
PRKDC,231226489
ADAM17,287341289
ELF3,235984289
MAP1A,1104194351
PHEX,0
NUCB2,0
BASP1,0
GPSM2,113592644
SSBP2,113426344
TMF1,661693053
MRPS36,113528244
ADAMTSL3,0
RPL24,0
CBX1,114011944
RPL19,0
SRSF3,395640733
MXRA7,0
H3F3A,0
FOXK1,1305644146
PRR5,348984833
ZBED6,121666044
CCZ1;CCZ1B,144041244
DAB2,118796744
FBLN2,116890344
DGCR2,116110644
HSPG2,343555833
LRP2,0
ARHGAP4,0
EFNB1,0
FGD1,112535474
RBM10,1254102501
ATP2C1,125160244
ATP8B2,0
TFAM,0
HDLBP,231500699
CDK16,115435444
CDK16;CDK17,0
CDK17,227548289
CDC42EP1,708448437
CLTC,113416444
HSF1,529854778
FKBP3,231503189
PLCB2,118209644
REEP5,114328844
HNRNPU,436771489
PLIN5,0
SET,270754489
SCN7A,493602778
FOXK2,399316933
RUNX1,290735489
RELB,112948544
AMPD2,257362089
ANK2,485794888
CAP1,117026244
FLI1,114465944
IFITM2,0
TFAP4,138447244
OTUD4,359349133
PFKP,118714344
XPC,718416578
CDR2,0
PLCB3,113890444
TAGLN,0
AKAP17A,171787244
MEF2A,232372089
GUCY1A3,143340244
PRKCE,0
KIF23,229320129
APBA1,230150789
SP4,0
SP3,126317244
DSC2,225323749
RPL18A,120950244
MAP2K1,0
FKBP4,0
NUCB1,504525233
SLC25A11,0
DST,696841667
CREM,117388444
MLLT1,0
MECOM,0
KMT2A,487983478
CENPC,227799459
LMNB2,545580178
PTS,114719344
ERCC6,0
CEBPZ,165015244
EIF4G1,361785173
ATP7A,124522244
NOTCH2,0
TLE1,0
TLE3,257508489
TLE4,229438789
PRKCQ,114869944
DNM1,122438244
PTPN12,866992742
PTK2,0
PTK2;PTK2B,112902244
LIPE,0
SRSF11,457728489
PRKCD,384000489
CALD1,378833693
CTDSPL2,246167089
PTPN11,0
PPP2R3A,114391044
GFPT1,428125244
EXOSC9,118751344
MEF2C,113776744
TYRO3,0
RUNX1T1,0
RING1,119152044
PRDX1,0
CDK18,114099044
C1QBP,0
CKAP4,127820244
PDE4B;PDE4D,0
ZFP36L1,119415144
SPAG1,0
KHDRBS1,314229489
MCL1,0
KLC1,366560333
SOS1,113830044
LRP1,0
ARHGAP1,824633078
SRSF4,569682168
SRSF4;SRSF5;SRSF6,113066174
PCDH1,227670989
DHX9,123091244
SLC20A2,0
GOLGA3,357640833
GOLGA2,231036689
DMTN,459783708
PDE4D,229510239
CD47,144162244
PPID,0
SSRP1,822727467
RBL2,359790133
CAMSAP2,348063233
SPIRE1,0
NSUN2,0
DMWD,0
RBBP4;RBBP7,0
NCBP1,240649089
EP300,139965244
FCHO2,959374967
SMAGP,0
APOBR,118455744
CGNL1,251252989
NEXN,591237033
CPSF1,0
DBP,0
KIAA0195,327907489
NUP160,198538244
SCAP,115085544
ARHGEF5,347729833
FOXO1,119967644
GTF3C1,399622733
KCNMA1,0
TWF1,112585034
SMARCB1,0
BPTF,718161087
STX4,135621244
MAP4K2,0
NFIA,779773823
MERTK,0
SFSWAP,445262443
CHD3,385399833
SF3A3,0
DPYD,0
TMEM115,248831489
ILF3,608332463
LRMP,304684989
PTPRJ,0
PTPN13,114488044
EPS8,228009609
TRAF2,248448189
FOXF1,115980144
FOXC1,0
ANK3,255076489
DLG1,360364133
TAF10,0
NFATC3,113099274
ABR,128358244
BNIP2,174415244
BNIP3,117206744
NFX1,0
CSTF3,129972244
TIAM1,0
ARHGAP5,231874089
PRDM2,466114578
STRN3,113362344
CDC16,112928924
STK4,113736844
FLII,0
COASY,118347044
ACACA,350001433
GPS1,239070189
SPP2,0
ZBTB17,0
USP4,0
CHAF1A,0
CHAF1B,0
REST,115478944
RLF,113465544
PRKAA1,115246544
PPFIA1,469933778
EIF2B5,209536244
TARDBP,0
PAK1,494291678
FADD,0
PAK2,300087389
CBX3,692504673
STK3,121647644
CBLB,113778144
PSMD2,275525244
MMRN1,0
DDX10,0
TBX2,344614883
DNAJC3,112942534
SELENBP1,0
MAP3K1,113376744
PRKG2,0
SLA,0
SRSF9,659012978
SRSF5,419247733
SRSF6,792497923
TRIM28,1286868178
G3BP1,498765244
CLN3,335733489
NMI,113998644
SLAMF1,115014944
KCNAB2,113561744
KCNAB2;KCNAB1,119047344
SKP2,121213644
ATM,480647878
GRB10,0
IFIT5,0
MTA1,120251244
SLC14A1,120562744
SP140,0
PDE3B,0
PDCL,0
PLD1,113556344
DYNC1I2,115568344
MSLN,0
IKZF1,0
SNTA1,0
SNTB2,661133383
XRCC4,353488253
PPIG,604228023
TCOF1,1193585457
SLC39A6,0
SF3B2,1499796557
GOLGA4,133840244
PDAP1,553183633
ADAM9,234944889
FKBP5,233987689
MYO9B,1072947477
ROCK1,0
NFATC2,345369833
TNK1,119142344
GAB1,339527173
BIRC2,0
PICALM,228937189
MTM1,0
SQSTM1,766046923
NAB1,122675244
ATR,0
EIF4EBP1,0
EIF4EBP2,0
RIPK1,120737844
HDAC1,615678878
CAMK2B,0
CAMK2B;CAMK2G;CAMK2D,118427144
CAMK2G,114433344
CAMK2D,492151733
CAMK2D;CAMK2A,0
DCTN2,227017349
PKD2,257189089
SNW1,344564489
IQGAP2,363161433
STIM1,1355102112
SNX1,237426689
KRR1,126053244
PWP1,230562989
MTMR1,123168244
MTMR3,383840133
CUL4A,0
CUL4B,0
TP53BP2,114618844
DYRK1A,116664344
DYRK1A;DYRK1B,180558244
RAB31,117262144
RIN1,115618944
LAMB3,0
THOC5,643098778
SHROOM2,226279369
ITGA9,0
GNL2,0
EXOSC2,0
BMPR2,113585044
SNTB1,821563967
BYSL,0
RAPGEF1,350132733
PDE7A,0
CUX1,350352333
RUNX2,116433344
PRKG1,0
CDK13,837023112
IL16,352285253
CKAP5,0
CAMK1,0
HNRNPD,490234278
DAG1,116812144
PDE1C,0
DSG2,263162989
VGLL4,114990044
BOP1,471690489
SEPTIN6,0
MORC3,0
SAFB2,253010789
SAFB2;SAFB,453622933
EIF3A,116780444
FAM53B,114088144
ARHGEF7,269487489
ARHGEF7;ARHGEF6,0
EFR3A,137111244
UBAP2L,264767489
SPIDR,0
SCRIB;LRRC1,120096944
GIT2,114564744
SCARF1,0
TTLL12,0
POLA2,0
DOCK1,125141244
TFDP1,114663144
WRN,113373744
DPYSL3,358431262
BTG3,0
ZMYM3,238919289
DYNC1H1,360132889
TCEB3,0
MAP7,113402544
CTTN,1057380178
TRIM25,299775689
PTK2B,121941344
FLNC,266374389
FKBP8,118672344
PDE3A,121390744
GALNT3,0
GRB7,0
BECN1,0
RBM39,1233620490
SPARCL1,367563393
FAT1,0
HIC1,360807333
PRPSAP1,124132244
DHX8,119591644
HSP90AA2P,0
ITPR2,114675744
ITPR3,447341333
NBR1,0
ITPR1,242945244
RASA3,0
IRF3,117722544
KIAA0100,0
TRIP12,274139489
PUM1,355718713
MDC1,732614667
CLINT1,425825033
KANK1,118384444
SMC1A,0
RRP1B,0
NCOA6,0
GSE1,235906489
DIP2A;DIP2B,0
BMS1,0
LPIN1,0
USP10,233845989
RFTN1,385380833
PPP2R5D,126281244
LBR,141098244
PTPRCAP,193770244
MVP,352616489
LTBP1,594563733
LTBP2,372164453
GOLGB1,590816723
NAA30,232270889
FXYD3,234950389
MEF2D,241060689
CHD4,803791367
LASP1,155270244
ARID5B,463137298
NFATC4,115110444
NFIX,613766623
ZNF638,687081697
NOLC1,114453044
NUMA1,1076982508
CUL7,0
SHPRH,114404244
SLMAP,0
GAPVD1,227802589
UBXN2B,0
ATXN7L3,0
VEPH1,0
HERPUD1,0
FAM175B,0
SART3,0
SUZ12,248090189
EXOSC7,116751144
TNIP1,0
EFTUD2,159070244
R3HDM1,114676944
R3HDM1;R3HDM2,0
SNX17,0
JOSD1,0
RAB3GAP1,291263489
SETDB1,0
RRS1,0
ARHGEF6,289037489
POLD3,126398244
ACAP2,467881528
BRD3,166390244
WDR43,115586844
EEA1,228041689
PDIA6,140013244
AGER,0
PLCL1,120208244
PEA15,155178244
PGM5,349316789
PRKD1,582143623
PCM1,1699174724
TCEAL1,0
PPP2R5A,0
PTGES3,117647444
PVRL1,116207844
NONO,0
PTPRK,117903844
PWP2,0
RABEP1,470924178
RNPS1,0
RBBP5,117943344
RCN1,116363744
RALBP1,820930032
ZMYND11,0
LLGL1,0
LRRC41,0
TTF1,113300744
PCBP1,378207533
PCBP2,153316244
TOMM20,384366489
ANGPT1,0
MTFR1,118501944
P2RY14,0
RBMY1F;RBMY1C;RBMY1A1;RBMY1D;RBMY1E;RBMY1B,0
RPS6KA1,0
SAFB,667842923
RBMS2,0
PPP1R7,471232418
SF3A1,389487489
SHB,0
SKIV2L,414471189
SURF2,0
TAF11,0
TAF7,115163644
TERF2,120390544
MAPRE2,112702954
TEAD2,0
TGFBI,114964144
TGIF1,0
NCOA2,116331144
SLC9A3R2,0
TARBP2,0
SF1,632260489
TRIP10,165815244
TRIP11,129965244
MED1,112970914
ZNHIT3,0
HMGN3,113048394
HMGN3;HMGN2,0
JMJD1C,0
PTPN14,575591623
MAPRE1,0
ZRSR2,116670644
DLG2,0
ELAVL1,120398644
LTB4R,113229044
ELF2,0
NAB2,469633078
GPR68,116847844
TAB1,0
HERC1,257933189
SLC1A5,116450344
CD226,0
MLF2,230060089
ZKSCAN8,119037544
NCOA1,0
SMAD2,0
TBCC,0
STK11,116230344
VAMP3,0
SLC14A2,0
FAM189A2,0
VPS72,0
EZH2,120506244
ZFHX3,0
ZYX,516139348
SEPTIN7,236845589
ADRM1,0
CCDC6,1086127257
E2F4,112420604
SLC15A2,122695244
LAMA4,0
PKN1,127320244
PKN2,117861944
TAF12,146674244
MAPK14,0
CDC37,114517444
DPYSL2,120840344
SYPL1,0
ACKR1,0
RBBP7,0
C3AR1,113660244
MAP3K11,113121274
TAF9,117965644
CALCRL,0
CTF1,0
OCLN,857754912
SRSF7,324119489
CPSF6,118206244
SMN1,249550489
DBN1,867224863
PTGIS,0
NFIL3,0
NRF1,115517044
FSCN1,0
MAPK6,0
IFI16,310505489
MAN2A1,0
RTN1,385734333
PPP1R3A,0
PCK2,120176844
PTPN21,0
PTPRO,0
UPP1,0
UGP2,0
PFKFB3,0
TPD52L1,0
IMMT,114747944
ARHGAP44,0
ZNF827,0
CPEB4,0
ECSCR,0
KNOP1,0
CSPP1,0
FAM110C,114228644
INF2,635471823
HLA-C,129762244
PDS5A,0
KIAA0753,344260833
RFX7,0
QSER1,121567444
CLEC16A,0
KIF26B,244074789
KIAA1109,587322123
ZNF423,0
ARHGAP31,349632433
FAM83E,367536633
AAK1,411499633
KIZ,0
KIAA1033,0
SPHKAP,0
SHROOM1,229927539
SLC5A9,0
ERCC6L,0
RALGAPA2,534510978
TYSND1,0
TMEM44,0
SMTNL2,113200844
ATG2A,0
ZNF800,114732744
CWF19L2,0
EIF2S3L;EIF2S3,119279544
UVSSA,0
LRRFIP1,464475418
EML3,588868113
TWISTNB,128258244
C1orf106,0
MAP7D1,1242889146
CHD9,0
LSM12,266383489
TBC1D25,115097644
RGL3,0
SP6,116734944
GON4L,113522844
GON4L;YY1AP1,0
CCDC88A,115075444
TMEM176B,227485189
TBRG1,113013124
RABL6,118944544
LGALSL,0
PLEKHN1,0
SLFNL1,0
GLYR1,164770244
CRY2,0
C2CD3,0
RIC1,235798889
VPS26B,236488029
LARP7,521469678
NADK2,117522844
TBC1D10B,355997733
TPRN,343415333
ANO6,116720944
PLCH1,232654589
FILIP1L,433443633
AASDH,0
ARID4B,238066889
GRIPAP1,226659049
TMEM119,229434289
AMOT,120222444
SYTL3,252158489
FNDC1,114672644
PAN2,0
EPC2,116970244
ARHGAP29,229796189
PDCD4,480774733
FNDC3B,121645544
CRTC2,120373244
AGPAT9,138694244
C17orf85,246773289
PHLDA2,117303644
PDLIM3,116455244
PLEKHO1,112689194
USP39,120689244
KLHL22,120231344
SETMAR,0
CCDC92,119345944
SOWAHC,226734589
LBH,116837244
ARHGAP15,112899154
KRTCAP3,229888689
COBLL1,346458033
HS1BP3,243761389
CYBRD1,556553033
INO80D,0
ZNF385B,0
EAPP,0
PAN3,113636344
SDK2,0
PLEKHG4,113810144
BRDT,113022284
HSP90AA5P,0
DCAF6,117195944
TMEM41B,113220844
ODF2,0
SLC45A4,0
ZNF326,0
NOM1,0
ANKRD20A8P,0
FSIP2,0
DNAJC21,0
PPP6R3,364509893
KIAA2026,113848444
FAM76B,131781244
SH3D19,231031459
NHSL2,0
EMC4,230573589
METTL10,113743844
PPM1J,0
MIA3,384318633
WDR44,1051274357
DOCK11,0
FGD3,124721244
PRRC2B,230846289
AMER1,114225444
TJAP1,381260233
RRP12,145963244
TOR1AIP1,1400717612
IQSEC2,114289044
HABP4,150010244
MIIP,231583089
SPECC1,113808644
SAMD4B,118866144
BRMS1L,114885244
DNTTIP2,116177444
DCAF10,0
RABGAP1L,177906244
ERICH3,0
LRRK2,349534833
TMEM201,264374989
HIATL1,0
NUP188,246104389
HP1BP3,591451978
CEP170,607388583
CEP170;CEP170P1,0
PLEKHS1,0
SNAPC4,0
COL5A1-AS1,0
NOL9,115239744
NHSL1,115448944
SZT2,0
ZNF362,244730189
CC2D1B,0
FNBP1L,258664489
C6orf132,0
HIVEP3,114454344
MPP7,0
TMEM63B,367683033
LRIF1,113218644
RBM20,0
UBR4,548987578
STXBP5,262638989
KIAA1217,828696312
ARHGAP21,575379423
BEND3,118185644
CAMSAP1,117673844
KANK4,0
SYT6,0
ZNF618,0
ACBD5,228766189
RBM26,152794244
DCAF8,195691244
CEP162,131417244
FRY,456214238
ZBTB37,0
RC3H1,0
MAGI3,0
MLK4,0
SH3PXD2A,348354783
RSPH4A,115742044
DDI2,0
THEMIS2,0
SOGA3,0
IFFO2,0
AHDC1,350008433
ARFGEF3,113620844
VPS13D,940592436
LIN9,0
CROCC,832629612
TMEM164,118451144
MEX3C,0
RASIP1,227207289
PIK3R6,0
RIF1,112633264
STRIP1,344707489
OBSCN,0
CEP350,461302978
CDC42BPA,113720344
RPRD2,683596023
KLHDC7A,124689244
PRPF38B,251652489
TTC39B,0
RNF20,145808244
CACHD1,0
ZNF318,582151643
FAM171A1,113763944
OTUD1,0
ARHGEF16,113844444
ZNF691,0
MYSM1,115563844
TAF3,348291533
SNX30,114584044
FAM208B,117141044
DAB2IP,227684489
PEAR1,0
MEDAG,0
ZCCHC6,0
DENND4C,1003144457
NAA35,0
LRRC16A,704791767
ZMYM4,123620244
ZDHHC20,235805189
TTC23,189170244
FAM219B,0
RNF123,0
FBXW9,115328844
ANO1,0
CD276,236135244
RNF213,126900244
AP1AR,0
KANK2,919232323
FAM21A,346870933
FAM21A;FAM21C,846829812
FAM21A;FAM21C;FAM21D,0
STEAP3,387766333
FAM91A1,0
ICE2,117483344
LARP1B,0
CEP135,0
TBC1D9B,138249244
MAP1S,920494412
ARL6IP4,145922244
ATG16L1,0
RAP1GAP2,0
OLFML2A,0
HGSNAT,120899144
TNS3,673104778
ZFYVE26,394065133
MSL1,119971144
CRYBG3,118283144
INTS3,131556244
ARHGAP17,367970933
KIAA1429,453158533
SPECC1L,715846493
C1orf95,0
PDPK2P;PDPK1,152660244
GLTSCR1L,0
UHRF1BP1,0
ATL3,126398244
MCTP2,0
IQSEC1,478775478
RLTPR,231215289
CIAPIN1,117564944
OTUD7B,0
RALGAPA1,625822823
ABLIM2,116862344
SIGIRR,408152033
LAMTOR1,507371978
NCAPH2,113897944
GRAMD4,229443889
KIAA0930,138037244
SMEK1,233036659
CCSAP,0
RAB12,230858189
PLEKHA7,785751567
DENND5A,114827844
SDE2,126400244
SLC8B1,113862144
RCSD1,882538812
NIPBL,566994578
PRR5L,113451144
CAPN13,0
ZNF280D,0
MFSD5,0
SLC18B1,119430444
HMBOX1,114886944
RHBDD2,0
PWWP2B,0
REEP3,491472378
RETSAT,0
KIAA1211L,470537178
RWDD4,0
PRPF40B,287028489
ANKRD54,0
SLC30A6,147514244
TAPT1,114777844
KANK3,660663623
PPP1R18,130590244
ZCCHC8,357006933
MAST2,576402023
DHX57,116889844
LLGL2,0
CC2D1A,113978544
MSANTD2,0
EDC4,497945978
SCYL2,0
CASC4,115976144
CNNM4,239161489
NFRKB,248581289
KLC3,0
ALKBH5,0
PDXDC1,236223689
INTS5,0
TMEM154,0
VWA1,116329244
PGM2L1,153267244
FBXL19,115480744
CTR9,401711753
AAGAB,0
PPIP5K1,0
ULK3,0
TTC33,114968044
MYO7B,0
FBXO38,0
TRAT1,0
RHBDF2,492916478
ELMSAN1,121728844
BRAT1,113214344
WDR59,0
ZC3H14,481244833
CNST,0
LARP1,1293133746
ATAD2,230686589
TMED8,0
BLOC1S3,233452089
ZBED9,0
RICTOR,230465589
WDR74,113673244
AGTRAP,0
SAMD1,125007244
SMARCD3,0
NHS,347421633
SLC4A10;SLC4A7,118846844
ANKRD12,0
AFTPH,0
FIP1L1,1083388557
CRTC3,229319689
CYP20A1,359258489
C16orf54,0
FAM198B,119354044
PARM1,0
OLFML1,0
LAYN,0
PLXDC2,507895244
TMEM108,0
CD300LG,0
CRELD2,123013244
APOOL,230854789
BAIAP2L2,0
TMC5,114823644
FAT4,0
ATF7IP,554607178
RANBP10,115580444
PACS1,0
BCOR,115759044
RAB11FIP1,273578489
RAB11FIP1;RAB11FIP2,116656144
CHRDL2,0
NAPRT,116411244
GIGYF2,696315983
SLC36A4,0
SCARA5,0
AEBP2,114891344
DEF8,0
NFXL1,0
ZNF704,0
NBEAL2,240320889
FGD5,0
CCDC141,0
SLCO4C1,115599544
C15orf39,0
QSOX2,0
SRCAP,242820589
FAM83H,1594388735
FAM65A,230134189
NBEAL1,0
WDFY4,0
MFSD6,0
ARHGEF18,345542933
ANKRD13D,232442289
KIAA1211,359148033
BEND4,0
CEP128,229610489
PIK3AP1,118152544
ARHGAP27,349168833
C15orf52,229415129
DENND5B,113058704
PNPLA7,0
FGD6,345303233
GPRIN3,0
TOM1L2,0
SYDE1,0
MICALCL,0
KCTD8,0
PLEKHM3,0
STXBP4,0
C1orf186,0
MBOAT2,144338244
VPS13C,171051244
USP34,120734944
RAPH1,119841644
USP54,112927414
UNC13D,0
PREX2,0
CYS1,234950389
MED13L,126592244
LARP4,115910944
ZNF767P,204875244
CBLL1,0
MTSS1L,357052633
NOL8,604589423
SSH2,229218989
ASXL2,343337963
CCDC80,124524244
CEP68,239509289
HECW1,115791944
SUPT6H,369829133
SND1,228250889
MARK2,112786914
DDX46,114966744
MON1B,249840289
DHX30,114833844
EIF3M,0
MEPCE,585755483
ARMCX2,0
FAM73B,114946144
RSRC2,555850733
BEND5,0
CYFIP1,0
DOK3,171135244
LPCAT2,0
TAOK1,113928044
SH3BP5L,112920454
EEPD1,492250778
RASGRP2,0
STRADA,0
MICAL3,241758089
ERMP1,0
TRMT1L,0
ZC3HAV1,453637633
PID1,0
GVINP1,0
FAM122B,114016144
SETX,347533633
KANSL1,356090233
ATG9A,257995489
PRICKLE2,112736804
POGZ,546478478
ZFYVE16,358957033
MON2,0
UBE3B,0
DENND4A,236262089
TMC7,0
TMC4,0
MYH14,945925923
NUFIP2,371003233
SZRD1,122023044
MAVS,496317078
CLASP1,346894033
DHX29,234571789
HAUS6,341858293
LIMS2,0
KIF21A,113041284
HDGFRP2,1251855057
BRAP,0
EMSY,359209133
AKNA,228050289
ARHGAP22,114195044
RAI1,226108979
WAPAL,138764244
IRF2BP2,264960489
IRF2BP2;IRF2BPL,0
SDK1,151027244
HSD17B13,0
APBB1IP,280621589
SPRED2,0
SPRED1,0
BTLA,0
SRGAP1,0
RBBP6,595971823
ARHGAP30,128559244
SH3RF1,113921944
GRASP,0
FGD2,121781644
RAB44,0
CNTRL,0
FILIP1,115452944
PIGW,0
ABI3BP,0
VPS13B,0
C11orf96,231573789
ZSCAN2,116202144
TMEM179B,228542689
GALNT7,131942244
PHLDB2,344932493
TMEM55B,119114844
DAAM2,140041244
KIAA1328,0
PATL1,386632933
TBC1D1,121515844
SYVN1,0
TRPT1,0
TTC7B,600492523
RBM23,142735244
PABPN1,239148589
METTL3,0
LDB1,0
PBRM1,577817178
YRDC,0
MTDH,1390245134
CTAGE6;CTAGE15;CTAGE4;CTAGE8;CTAGE9;MIA2,249155489
KTN1,242544789
RIMS1,0
BCL9L,0
PHLDB1,721713367
N4BP2,0
CADPS2,0
FERMT3,0
FAM83A,0
ZBTB46,0
CASZ1,0
FAM124A,114437744
LUZP1,238028389
MYPOP,0
KIF27,0
LRRTM4,0
EXOC3L1,0
TAX1BP1,118093244
PACS2,231537489
LCA5,0
GLCCI1,347246833
FAM134C,1326206357
HOOK3,0
ARHGEF25,0
MON1A,242290889
PARG,0
PPFIBP1,620285423
SLC26A11,117372444
ZC3HC1,859159567
OSTM1,0
FCHSD1,0
GPBP1,0
PROSER2,0
CDR2L,113830744
RALGAPB,123141244
RALGPS2,229270649
LSR,880193512
ERICH1,115625744
CIR1,127938244
HEATR5A,0
ANKLE2,0
MEX3D,116386744
MEX3D;MEX3B,0
DDX42,143405244
TICAM2,118017844
NME9,0
XYLT1,113808544
STX12,0
PALB2,0
GATAD2A,544792678
GPSM1,0
C2CD5,765382667
RASAL3,345273433
SGK223,350851933
HIPK1;HIPK2,0
TMC8,121710244
IRF2BP1,479933678
CAMK1D,0
RHPN2,0
RHPN2;RHPN2P1,0
ERC1,0
RNF135,0
AEBP1,0
TMEM139,0
HID1,128756244
UNC5CL,0
LYSMD2,112591364
DENND1C,0
NUDCD3,113902644
PLEKHH2,0
AHNAK2,253933089
FOXP4,0
NOSTRIN,0
NAV2,0
LEPREL2,116642644
FUNDC1,145827244
MISP,633934523
KSR1,114828544
SPNS2,0
CEP97,116326344
CARKD,0
FAM219A,0
ARHGEF19,113923244
WDR75,0
SLC44A2,0
TEX2,355544033
FAM114A1,0
PLEKHM2,117004144
DENND6A,117201244
MGA,0
GCC2,113002144
SFTPA1;SFTPA2,117354044
PHF6,0
CUL9,230400989
LRRC8A,0
LMTK2,342837253
LAX1,226759889
UBR1,115938744
ARHGAP12,281823889
CHERP,555819078
ZSCAN29,0
CDAN1,0
ANKHD1,0
SUGP1,244245089
SUGP2,235975989
WWC1,0
ZFPM1,0
CCAR1,0
HOMEZ,118603044
FAM178A,359262233
SKA3,113754444
SIRT2,0
PHC2,115910444
GALNT12,124813244
BAP18,130962244
NRM,113916044
C9orf40,112910344
GPALPP1,244963489
PALM2,0
FAM126B,114621844
RBM12B,1581271716
SLC35F2,0
RPAP2,0
ZC3H3,0
PNPLA6,354926733
SMC5,117806744
CMIP,0
PPAPDC2,120178944
MICALL2,728655287
AMOTL1,113713144
RAVER1,308320489
FTSJ3,113950844
SLX4,115261944
TMEM192,123057244
DIS3L2,138745244
LAS2,0
CCDC13,0
ZZZ3,0
C20orf196,0
EXOC8,113113124
SYTL1,237242989
REM2,0
TRIM22,113683444
ZDHHC23,119569644
GRAMD1C,114230044
HACE1,113767644
PHACTR4,242386189
RCOR2,0
RASEF,0
KIAA0319L,0
RTKN2,0
KMT2E,0
DCP1B,348878033
SCYL3,0
GPR116,0
UNC5B,115402544
PELP1,332090489
ABI1,386046633
WDFY3,0
C1orf87,0
ZNF444,0
SPICE1,113774444
TAGAP,113241644
MIER1,114302744
RPTOR,506835178
FAM177A1,251414489
AHI1,0
CCAR2,769695267
NUP93,0
STK11IP,229756889
ZNF687,640502023
REXO1,0
CMTR1,0
LRRC47,369084489
DOCK4,231562189
SLC39A11,241770299
ARHGEF28,0
INTS1,636533823
PROM2,119190544
ANKRD35,0
ARMC10,141651244
ZCCHC24,0
GHDC,0
CLASRP,241642289
PQLC1,296456689
AGGF1,0
SLC43A2,260295089
ASCC3,122198244
CLIP4,0
EHBP1L1,413062333
PLCD3,0
MICALL1,0
TXLNB,0
MPP5,0
STAG2,119882044
SYNPO,662560578
FNBP4,248270989
MFSD4,0
RYBP,0
NIN,239048189
MINK1,236198389
SPATA6L,0
TMEM55A,0
CCDC82,121968344
MARVELD2,231204289
AFAP1L2,119110944
ZNF276,0
AFAP1,124602244
MREG,114769444
OXR1,119326144
MPND,0
ZGPAT,0
TAB3,0
WDTC1,113661744
NKAP,404832433
TMEM57,0
SH2D3C,229437589
ARRDC1,0
C12orf45,0
FAM63A,118168044
CAMKK1,113986344
RNF10,0
FAM101B,114855544
MSL3,125389244
FAM160A2,0
CPSF7,135503244
SLC15A4,0
MYCT1,0
ADAMTSL1,115252644
ARFGAP2,131399244
C1orf52,120333644
METTL13,114880844
ARL6IP6,113348444
ARFGAP1,113280244
USHBP1,115878044
ZNF655,0
PAF1,0
CCNYL1,250165989
ANKRD31,0
UBR7,0
MB21D1,0
DDX51,142303244
ZNF513,112787094
CEP112,112886164
CEP120,112961904
ABTB2,0
JMY,120947244
C19orf47,113837444
TMEM102,0
KRI1,526608878
TC2N,453355878
POC5,116463744
ATG16L2,0
ZNF579,122336244
ZBTB38,128529244
PRPF38A,763750489
KDF1,114752044
ZNF511,0
ATP11C,238870589
ZFP62,0
KDM1B,114073644
AVL9,0
SLC43A3,0
GOLM1,148752244
COLGALT1,114758944
SIDT2,113792344
TMEM87A,128715244
PCSK9,114953444
HSD17B11,0
FAM63B,0
ATAD1,141819244
PPAPDC3,0
SCCPDH,0
FAM134A,383231733
SERBP1,412340289
KCT2,0
LEMD2,418933533
RBBP8NL,468142578
HJURP,114735344
NFATC2IP,0
CHST4,226915489
DAGLB,237681589
RNF169,113174444
ZBTB44,228894489
KIAA1407,0
GALNT11,116332944
SMG8,0
RNF214,0
PPFIBP2,478324578
LSM14A,589870733
CCNY,465803433
ZNF280C,113769144
MAPK1IP1L,238038389
PAPD5,0
EHBP1,116673844
RBM15B,757831967
TNRC6A,0
PSD4,369067973
PHC3,366316073
TMEM104,0
CNNM3,129070244
RGS22,0
ABCF1,630076978
GLIS3,0
PIK3C3,0
CATSPER1,0
SRFBP1,242369889
FAM83F,0
NGDN,0
SUPT20H,0
PDZD8,236746889
C1orf162,0
EXPH5,0
NAV1,116898444
PPHLN1,282083489
KMT2C,696904367
DOCK8,116759944
SYNE1,493042178
ZNF397,124721244
USP32,0
BOD1L1,722011467
ARID1B,113166044
FLCN,125740244
NUP35,343574333
REPS2,115740444
ENGASE,113469044
GPRC5A,0
ADCY4,0
TOR1AIP2,0
TSTD1,0
MYRIP,0
CADM4,119842444
PJA1,228593989
OR4D6,0
ZNRF2,122111544
ATL2,0
LILRB4,137746244
LILRB4;LILRB1,0
KDM2B,349224833
MOSPD2,230538289
DDX55,113955744
NEDD1,0
NCOA7,122543244
THOC2,0
INADL,0
VANGL1,0
OCC1,0
SNIP1,121580744
PPP1R14C,0
WDR48,0
PPP1R35,0
MPLKIP,113477144
SMARCC2,1740577071
GDAP1,0
DEPTOR,234905289
SLC35B2,116822344
PUM2,271222489
GOLGA5,198453244
KLHDC4,242815289
SHKBP1,114545744
ZSCAN18,0
BAHD1,0
SLC35G2,0
FAM213B,0
ZCRB1,0
RAB3IL1,116455444
TBC1D16,0
WDR20,125995244
TRMT10A,112396354
MDM1,0
TBC1D15,234652089
TMEM163,234771189
POC1B,114008144
SPATA18,229008589
FAM110B,0
IFI44,113232844
PI4K2B,120583744
STT3B,480663033
ZNF507,0
SPPL2B,0
PREX1,377512489
URGCP,0
NEK9,381365303
SLC2A12,0
CHD6,0
TRPM4,0
PLEKHO2,501339478
DTX3L,560707978
DDX54,113193544
DMXL2,481482078
DLG5,113598444
CABLES1,232743389
TRAF3IP1,0
HCAR2;HCAR3,119480744
SYTL5,0
NEK7,0
RB1CC1,248333589
ASAP3,0
MICAL1,399159633
EPS8L1,115066444
SSH3,258671289
TBCK,0
DTD1,112770964
RHBDD1,113908444
AFAP1L1,128274244
DENND1A,458568378
SH3RF3,0
DOT1L,115780544
CEP192,119027544
SNX29,246539389
SNX29;SNX29P2,0
ARHGEF40,345483233
FBF1,0
RAPGEF6,236744589
SMCR8,346689533
PARD3,345959433
PARD3B,235566589
USP33,124472244
PNISR,307536489
WHAMM,0
FNIP1,0
ZFP90,113412444
ZNF384,114282044
SLC16A10,115063144
SHROOM3,576902823
WIPF2,114049144
THAP3,113332444
COG1,0
RNF139,115634244
SMAP2,236373889
ZC3H15,0
PPIL4,172997244
GTF3C2,400464233
TBC1D22A,313739489
PHF10,232075789
RAB2B,114197144
PPP1R13L,467937678
CHURC1,0
HDAC7,235705489
NUP133,349122233
CHMP7,0
THEM6,117640044
PRUNE2,0
DEPDC1B,113242444
BCL7C,303116489
CHTF18,115786144
N6AMT2,0
STAG1,0
SCFD1,124519244
CANT1,118531544
C7orf43,226578689
TRAPPC12,0
POF1B,129995244
HNRNPLL,0
PCNP,0
TMEM40,129401244
KCNE4,0
TRUB1,0
ATXN2L,369209233
ARAP3,113317144
PHIP,867224423
STAB2,0
PRPF31,0
NELFB,116640144
RUFY2,0
CASKIN2,0
ATRIP,0
STON2,0
ATL1,249284589
MADD,0
SYNE2,967612787
CNKSR2,114846744
GATAD2B,506970578
PIBF1,0
DNAJC9,117419344
AUTS2,0
BRI3BP,0
BBX,114985644
CTNNBL1,139732244
ING5,116524844
SEPTIN1,322531489
JDP2,114748644
SSH1,856096012
ATG4A,0
RIN2,114216444
AHCTF1,608443123
DGCR8,145282244
PIK3R5,0
RSPH1,115288344
RFFL,242814689
ROBO4,0
POMGNT1,121463644
IRGQ,0
DDB2,178499244
DDX1,118783744
STARD8,0
STARD8;DLC1,116633044
SEC14L1,115010244
SLC39A7,253835089
PIEZO1,413075133
PIGB,0
H1FX,239059389
PSMF1,0
SLC7A6,114696844
GBF1,744815623
LPIN2,113588444
SMG7,0
RTF1,112811134
SNX19,119460044
TMEM131,352106933
IP6K1,0
BAP1,126943244
SPOCK2,0
RAPGEF5,0
TSC1,0
UBXN4,113867644
PHF3,240105289
SLC9A6,373130033
HSPH1,0
SEPTIN8,229969889
DOCK2,378263333
TBC1D5,491819778
ZNF592,119519044
JADE3,114966744
MYO18A,1748173335
LARP4B,120310744
GCN1L1,121358744
HMHA1,470716978
NUP205,344922243
KIAA0226,120408944
TTC9,0
ANKS1A,228482659
KIAA0232,0
DYRK2;DYRK4,113669044
LPAR1,118136544
AKAP1,354253333
ALG3,391781389
ANP32B,124500244
PVRL2,115439044
PTPRU,114334644
PRCC,536053733
TFG,0
USP6NL,119075344
TFAP2C,114254844
RREB1,498234578
HDAC2,489119733
DPF2,510248398
PROX1,114500244
CREBBP,114175044
KAT6A,0
SYMPK,588150278
TAF15,481923489
GOLGA1,0
EVPL,407888633
NRCAM,0
CORO2A,116968844
RPGR,113224844
INPP5D,397999733
DDX17,0
TANK,0
KIFAP3,0
NEO1,0
APBB2,233152989
RAD50,115917144
OSTF1,277015244
ARHGEF1,0
UFD1L,116195244
CDS1,0
FGF13,115915044
SMARCC1,700384078
SMARCD2,117851044
RAB8B,115702444
BAD,234383689
KHSRP,132912244
SLCO2A1,0
PEX13,0
ARHGEF2,544616478
KAT5,0
BRF1,0
DVL3,120960544
USP7,142742244
LPP,114258244
MED12,352896833
BHMT,0
WNT2B,0
PHKB,115567144
SCAMP4,0
TCEAL3,121851044
TCEAL3;TCEAL6;TCEAL5,253160489
GTF3C6,0
PRKCDBP,654355733
CNKSR1,121890744
RNF34,0
MAL2,119788944
OSBP2,0
L3MBTL2,263492489
ITFG2,117068044
HDAC10,0
UBE2E3,119351944
FBXW5,0
MKL1,0
RILPL2,0
TMBIM1,253767489
PPP1R14A,116805444
CCDC102A,113981544
C11orf52,113648344
SLC35C1,0
TMEM230,379949953
EXOC4,117914444
KIAA1191,0
FERMT2,123912244
PNPLA2,117432944
FUBP1,0
SLC25A46,115521844
RAB7B,0
ACD,115462644
ESAM,0
TMEM125,112923734
PBXIP1,541484978
KIAA1143,151752244
MIB2,155664244
EME1,0
TTC28,232277189
DACT3,240936489
TMEM45B,0
C18orf25,315792489
CLDN23,0
AKT1S1,367695489
TMEM159,138661244
SH3KBP1,984645162
SGK3,114390244
ZBTB8A,0
CENPT,115043444
DOCK10,464122478
ATG2B,236673539
LENG1,0
EFHD2,0
SYTL4,228031389
RUNDC1,258015489
PYCR2,113488444
C12orf43,0
SDCCAG3,116230644
INTS12,0
NSUN4,0
RHBDF1,237989489
EVI5L,0
GCC1,0
FLYWCH2,0
GRAMD1A,0
FAF2,0
OPTN,250380389
AP2M1,0
SLC7A6OS,122789244
KCTD12,1019652012
LRRC58,0
NMD3,230651889
REPS1,757589267
HVCN1,120194544
DGCR14,0
ARHGEF26,117881044
ZBTB10,0
FAM122A,635793363
RBMXL1,0
C9orf9,0
SIRT1,119884844
YIPF6,245200189
HOOK2,0
SEH1L,112392454
TCEAL4,120263144
KTI12,0
RNF31,140153244
CHFR,115908844
SGTB,115023544
TVP23C;TVP23B,0
RBM33,268660489
DTNBP1,309809489
MCRS1,144840244
GIMAP5,229722409
NRBF2,113264944
TRIM11,124892244
ZNF503,114591644
IL17RA,0
CCDC97,120723044
EDC3,115414044
ZBED6CL,0
STAMBPL1,0
S100A16,124295244
SIPA1,576942678
IFT43,114004144
SCRN2,0
THOC1,141645244
OTUB1,0
PGM2,122949244
DUS3L,0
OTUD5,115349844
TOE1,126906244
CDCA7L,246142589
SCARF2,239417389
C17orf59,228709109
SLC41A3,116270144
MSANTD3,0
MYO19,233250889
ZC3HAV1L,0
ZNF764,0
POM121,343938743
CCDC120,0
PDLIM5,0
ERO1L,123636244
GRAMD3,234133089
AHCYL2,0
DOCK6,113215544
MED30,0
NAF1,0
PGAM5,114627144
DDRGK1,0
SCLY,0
FUBP3,0
RBM17,433733933
PPP1R16A,0
AJUBA,112960774
FBXL20,248279289
LRCH3,113883344
VSIG2,0
NSL1,117645144
PAWR,0
RSRC1,0
LRIG1,0
COG3,259450989
EAF1,115629644
CCDC132,269228889
VCPIP1,124126244
RADIL,0
SPG11,112801034
DCAF5,356497633
ZNF462,125612244
L3MBTL3,117424744
LCOR,0
ZFP91,0
DCHS1,0
CLMN,528305978
MAEL,0
HSH2D,0
ZFYVE19,273063089
SLC35E1,0
TMEM87B,0
USP47,236561489
ZNF521,227381089
DNAJC1,238844289
SCYL1,125399244
ZNF512B,115278344
EHMT2,116138944
ZFR,195523244
NSD1,115935944
EP400,241986489
SNX27,114682544
KIF16B,112736064
ALPK3,113962044
TRIM47,123675244
C4orf45,0
LURAP1,0
RNPC3,128864244
PRIMPOL,116528144
HYLS1,0
FGD4,112762744
NDNL2,0
HEXIM2,113709044
HSPA12B,474856178
YTHDC1,396388389
CCDC43,120771244
NOL4L,233888789
ENTHD2,112970714
TTC14,0
PWWP2A,123158244
MBOAT7,0
DOCK7,1086021061
ZNF641,114161844
ZNF830,163399244
FRMD6,352447833
TOX2,0
CCDC115,114396744
SLC46A1,0
ANKRD27,0
PVRL4,235196289
RPRD1A,0
ARAP1,126132244
MIA2,0
MIA2;CTAGE1,125199244
GPR124,116139844
ARHGEF17,481914578
INPP4A,0
RBM14,632575023
ERMAP,247222489
TRERF1,0
UHRF2,0
NEDD4L,259639289
CCDC85A,0
FMNL2,0
NEK1,249230589
TRAPPC9,115735144
SMG1,0
ALS2,0
DLC1,0
PPP1R10,237912589
FYTTD1,0
SLC2A13,119381944
RAB3IP,0
PRAM1,230489489
VPS35,116003544
PURB,227556289
TRPM7,117313844
PHF12,368678733
XPO6,237967189
MAGI1,0
SNX18,113466344
CIC,486963478
UIMC1,0
VPS13A,429535244
GFM1,0
MCCC1,0
CAMKK2,116120844
TGS1,0
NUDCD1,0
ERBB2IP,116506044
FNBP1,116026244
CRAMP1L,113889044
WDR24,252270589
RAB40C,0
RPS6KC1,471882878
TP53RK,0
TESK2,114588444
WRNIP1,235297289
RANBP9,0
CLCC1,126626244
UBL7,239233689
CCNL2,122800244
MYADM,0
PLEKHF1,284813489
PPP1R9B,268627789
SRPK1,391873433
DCLRE1C,0
TMEM209,0
ORAI2,0
CDK5RAP2,118588744
SIN3A,503782678
OSBPL9,0
CRBN,114966544
RSF1,1145703457
RUFY1,0
KCNK17,0
SPEN,1616578380
PNKP,266774189
SLC9A7,0
UHRF1,0
FAM129B,313836489
RMDN3,929596823
TCF12,476809078
ACOX2,0
SEC62,460184933
CDC5L,115457544
PSMD1,234962389
RNF2,112761154
GAS2L1,0
EYA1,114984344
EYA3,0
SORT1,293818489
VAT1,116040344
DNAJC2,488348278
MPHOSPH6,0
MPHOSPH8,510134378
MPHOSPH9,112764064
NUP88,287345789
PKP4,819692112
S100A13,131024244
SCAF11,618167323
TEAD3,0
TSNAX,228323389
ELF4,126031244
SEPHS2,0
EIF3C;EIF3CL,143522244
TTC1,0
RAD9A,0
OSMR,0
CHP1,0
MAP3K5,252841489
FEZ1,0
LYST,240459789
ATXN2,0
DOK1,0
RBBP8,345408033
SEPTIN5,152213244
HNRNPAB,0
NAP1L4,926357589
NRTN,0
MDFI,0
ABCA3,232052389
MAP3K3,227596389
APBA2,0
CMKLR1,291308489
GPA33,0
ARID3A,126874244
FOXC2,0
PKP2,232311389
SH3GL1,0
TEP1,124037244
AKAP9,113530144
NCAPG,127384244
HOPX,0
MAPKAP1,114217944
RBM4B,114083744
DDX50,0
ELAC2,0
GRWD1,236169489
TCF25,0
WDR77,134443244
C17orf62,0
BCL7B,0
SENP7,266547489
MYBBP1A,119848444
EIF2AK1,115226444
SGIP1,113820544
TMEM47,0
LPIN3,0
GORASP1,0
HEPH,123570244
FYCO1,0
JPH2,137545244
BUD13,1593145250
SH2D3A,0
C7orf50,118483644
MXRA8,0
LZTS2,228393989
SDF4,122407244
SRSF8,0
OVOL2,114927844
WIBG,0
PYGO2,124999244
CHCHD6,0
GPATCH1,251086489
ARHGAP9,124364244
RIOK1,0
TRIM56,605235723
LXN,0
SLC35A5,114813744
TMEM175,0
HERPUD2,0
TINF2,0
ESYT1,603495683
MARVELD1,0
UBAC1,116889644
CCM2,125859244
RTKN,0
TCHP,0
WAC,124767244
DIDO1,465288233
MTA3,0
MCMBP,117643444
PAGR1,123165244
FAM103A1,113087434
PI4K2A,452577633
NDC1,117962444
ZNF692,0
CHRDL1,0
MMTAG2,0
C11orf84,232011989
ADAT1,0
MKNK1,114244444
C9orf142,113401644
POLR3C,0
HNRNPUL1,264329289
PHF23,0
DERL1,124315244
DDX23,0
WRAP53,554749978
C9orf16,0
TRAF4,119708244
MLPH,0
VAMP8,226033729
RNF126,0
CEP250,125911244
C2orf49,0
PBDC1,298565244
PTDSS2,131166244
PHF20,112749774
UTP14A,353382033
NUPL1,114037244
RIOK2,0
TMUB1,0
C19orf24,134796244
DDA1,113643244
CCDC94,241769889
RBM4,0
SSBP4,0
FUNDC2,145990244
PRR14,114311144
YIPF2,0
PAPOLG,0
SLC4A1AP,118217344
SSBP3,0
SORBS1,1250849646
JAM3,0
STRA6,130196244
SGPP1,142218244
OSBPL11,234210489
OSBPL10,120748644
CECR2,0
RAB11FIP5,232658889
NT5C1A,0
TBC1D10A,0
BCL2L13,364018833
CARD14,0
CARD11,115158944
PRX,0
SLC12A9,344677533
SRRT,582853933
SLC26A6,276097489
OSBPL1A,232027719
MAK16,507260678
EIF2A,126557244
CADM1,0
POLDIP3,115165244
KIAA1671,233097889
SHANK3,114321044
FUT8,117103244
NIFK,0
PARD6G,0
PARD6B,0
FAM126A,113142454
HELZ2,0
RBCK1,0
CEP41,0
BACH2,0
SETD2,120927744
TBC1D2,0
IFIH1,115285544
PANK2,234910189
DOCK9,369462833
FRMD8,124538244
PITPNM3,230746489
PITPNM2,0
WHSC1L1,0
ABCA2,237000589
SLC29A3,0
ASPSCR1,115612644
OSBPL8,1214354323
OSBPL7,233204289
UACA,115278744
RAB34,233917089
WDR11,0
IRX2,0
TBL1XR1,0
PPP1R12C,353565933
PRKD2,122127844
FAM129A,529783478
SLC19A3,0
SIGLEC1,0
API5,124902244
SPRY4,0
TRIM9,0
TRIM2,246587389
FAM117A,0
INO80B,465643478
SETD5,0
UNK,116012044
FTO,0
ZDHHC5,745121267
SEMA4C,0
UBE2O,340752433
TANC1,0
FHDC1,0
XPO4,113255844
LNP,238786789
TTYH3,120319444
ARHGAP39,0
SRCIN1,117394844
MTMR12,119292044
WDR33,403901733
BHLHE41,115585844
BCL11B,0
NRSN2,113557944
SENP6,0
MCOLN1,113042434
WWTR1,0
LAT2,113348944
MFF,227853589
MTFR1L,418840733
MAF1,0
PAIP1,0
LSG1,0
KLC2,233743389
ILKAP,112797544
XRN2,647170489
SAP130,114611744
BRD8,228103889
SHARPIN,0
NSRP1,237263889
RACGAP1,0
PARP12,0
SIK2,229505989
NT5C3A,0
DDX47,0
RAB1B,0
CCDC8,113335444
SMG9,115592244
ITFG3,115072244
OSBPL5,240941589
GZF1,0
BCL11A,229797089
STMN4,0
ANAPC1,120232344
IRF2BPL,720990123
UNC93B1,689470489
TMX4,0
KIF13A,240423089
ASCC2,0
RBSN,0
ISCU,116931644
DNAJC25,0
TSPAN10,0
EPN3,0
C1orf21,0
CARD9,0
VPS11,0
TRIOBP,0
SLK,227595089
SLC38A1,122668244
C10orf11,0
TAOK3,118832344
ADNP,420844733
IKZF4,117339944
PPA2,118911344
SPNS1,0
ZNF106,585281823
PNN,1155916863
TMEM245,0
FOXP1,236913989
SNX25,0
C11orf68,116080044
TMX1,718369178
NELFA,130179244
ACBD3,0
CDC42EP4,239277289
PTPN23,0
SEMA6B,0
UNC45A,126117244
DNAJC5,1598560378
DSN1,244678389
HIPK3,0
C1orf198,0
CUEDC2,0
WNK1,484408878
RNPEP,0
GOLPH3,0
SAV1,0
DEF6,0
GLIPR2,112593464
ZHX3,0
SENP3,230130689
OSBPL3,550985378
SMARCAD1,348655533
PLEKHA4,114108844
EHD1,0
RGCC,508419878
PCIF1,230864989
ESF1,350742933
HEATR1,0
DUSP21,0
ZNF768,116885444
PIEZO2,230813089
ZBTB3,0
RABEP2,0
BICC1,117224644
PCNXL3,0
EPHX3,0
TUT1,0
CCDC86,478329633
REEP4,134968244
PRR36,0
FAM134B,115511044
C2orf44,0
YTHDC2,0
AZI2,115049544
EPS8L2,228766689
RPAP3,0
BCAS3,0
ALG9,0
NO66,0
ANTXR1,320314489
TMEM134,0
WDR55,117761644
MAGIX,0
RANBP3,253449189
GREM2,0
SH2D4A,126430244
PEAK1,594367783
SYNC,114858944
DOCK5,113428744
WDR26,230858889
TDRD3,0
ATP13A3,140464244
SUDS3,727780623
C10orf54,129389244
SCAF1,1503115146
MVB12B,113050844
KAT8,0
PHAX,0
UBE2Z,0
YY1AP1,0
CSRP2BP,120879744
CAAP1,240245089
METTL7A,0
BRD9,364837533
EVA1A,113330444
PLEKHF2,238059289
ANKZF1,117052544
GORASP2,227694689
REEP1,114798544
HN1L,0
RNF121,113426244
SP140L,120885844
C14orf93,230449789
VIPAS39,478123378
COG4,0
USP42,231472289
KANSL2,116735544
UCK1,123319244
TBC1D17,0
CERS4,123491244
EFCC1,116552944
UBTD1,0
MEAF6,0
FBRS,0
SAP30L,0
NMNAT1,154058244
MLXIP,0
C17orf75,113711144
PLEKHA5,247120389
UPF2,0
CLK4,118481544
PRDM16,0
BCL2L12,114852544
PLEKHA2,113786544
PLEKHA3,116589844
PLEKHA1,0
SP110,422825733
RRAGC,331725489
RC3H2,0
IFT122,0
MKNK2,0
VEZT,0
TAF9B,0
SLC38A10,128521244
EML4,855322257
CBX8,226679319
SENP2,229046489
ZBTB20,242778589
NEK6,0
ZFYVE28,0
NCOA5,383006489
TANC2,573173123
MOV10,119700644
ZNF532,0
ANO8,228845489
CWC22,117235044
NCKAP5L,0
CPNE5,0
SYTL2,115155244
MSL2,114375344
TNRC6C,0
CHD8,368036233
PCDH18,0
GPAM,115481344
EPB41L5,0
GPN1,417506333
CSNK1G1,0
CD248,170954244
ATP13A1,118762544
CHMP1A,0
JPH1,0
ABCB6,113452944
ARFGAP3,113642044
ZCCHC17,113992944
HMG20A,132381244
RAB18,0
PALMD,114933544
SARS2,0
POLM,118918744
MYOZ1,0
GPCPD1,0
DMAP1,113781944
UBN1,354951133
PCDH12,0
IL1RAP,126963244
BRD7,122507244
DCP1A,228838889
KRCC1,0
RIC8A,369441489
SEMA4B,118342144
CD93,0
LUC7L,0
PPAN,160384244
PLCB1,0
CASS4,228132289
GPRC5C,113869044
COPRS,0
WASH6P,0
TCF7L2,0
JADE2,0
CYLD,117225744
RPRD1B,264585089
MIEF1,124815244
HPS4,115053744
RRAGD,168943244
PIH1D3,0
PFDN4,0
SLC35C2,114527744
INCENP,115590944
KIF13B,228967689
ANLN,120501344
GPHN,228282689
NPDC1,0
UTP3,0
BIRC6,247020989
PDLIM7,229541909
CD163L1,147516244
ACSS2,267178889
DIABLO,0
DDX21,249164389
SAR1A,0
POLE4,114498744
MAN1C1,0
NANS,0
ASH1L,0
MXRA5,264379599
SPHK2,231547789
SLC17A5,113479644
EIF4ENIF1,238796389
CHST12,0
FBXO6,116145144
DUOX1,0
SH2B1,0
CTPS2,0
CHRAC1,0
SNRK,0
BAZ1A,350912933
SLC2A9,118370144
INPP5E,0
SNX15,127642244
VPS45,0
SERINC1,284224589
ARHGAP35,375116833
FAM114A2,0
C1GALT1,0
CREBZF,0
TOPORS,240531089
THSD1,113165044
TNFRSF19,0
TOMM22,499055244
MBIP,113825644
RAD18,113792044
CTNNBIP1,0
HOMER3,242157389
BRWD1,114288744
SAMSN1,124455244
KLC4,137901244
TREX1,227102119
NRBP2,114025844
BMP2K,231260589
PDS5B,1008025712
SMC4,127055244
MAN2C1,0
RBM12,0
TBC1D22B,0
MDN1,381821333
ZBTB40,122392244
ZDHHC18,117182644
CCM2L,0
STAU2,0
TXLNG,0
SPATS2L,0
TBC1D23,0
TMEM100,116174944
MRGBP,112719904
RNF19A,0
EXOC1,0
SEPTIN11,0
TMEM184C,0
SLC38A7,0
PARVA,124858244
PANK4,114913344
DNAJC11,0
EVA1B,0
DNAJC17,0
ASUN,268174489
INTS10,120777744
PNPO,0
ARMC1,0
POLR3E,0
SDAD1,144316244
NECAP2,0
BSDC1,126692244
GPATCH2,232739889
TMEM51,279237789
ARGLU1,112760764
IFT57,0
TMEM45A,230681089
TMEM248,0
RNF216,0
SPATA6,0
SLTM,606851978
PAG1,115967844
PARPBP,137668244
ZNF446,380194833
BABAM1,0
CLN6,269045244
ASB6,0
UCKL1,0
NLRP2,0
TRNAU1AP,0
OCIAD1,245136489
ADPRHL2,0
LYAR,112660514
TMEM161A,0
CHCHD3,123244244
WBP1L,118818044
SYBU,0
MIOS,0
SMPD4,229907289
CWC25,0
TEX10,0
THUMPD1,286191489
ARHGEF38,0
GIN1,242835289
NDE1,0
KCTD5,0
CDKN2AIP,124375244
NSMCE4A,230655389
PPP4R2,113809744
SMPD3,0
AATF,244615389
MTMR4,0
TERF2IP,144162244
ABI2,351065933
PSD3,115554444
TAB2,0
ZAK,113628544
TMOD3,252013289
BET1L,125701244
RASL12,0
CELSR1,116353044
PLEK2,0
CDK12,1072302801
RRN3,0
TVP23B,114860844
SIGLEC8,0
UBAP1,114327144
GGA3,116378644
C9orf78,147263244
RTEL1,0
FAM120A;C9orf129,118304044
MOCS1,0
WWOX,0
SPG21,116708844
GRHL1,115675444
UBP1,0
EIF2AK3,226199119
MTCH1,116484644
HSPBP1,114420544
MAT2B,0
MYOF,228644419
ITSN2,154038244
GLTSCR1,0
EHD2,139043244
ARHGEF12,573201423
CNOT2,0
NCKIPSD,0
CD274,0
OGFR,559084978
FLRT3,0
FLRT3;FLRT1,0
LMCD1,126476244
SEPN1,0
HACD3,323838289
ADAM22,0
RAI14,578468143
FOXJ2,120222544
VAPA,379021633
H2AFY2,0
C6orf203,0
SENP1,117775344
SH3BP4,353120633
SEPTIN10,0
GMIP,343918953
VPS54,0
MDFIC,113792644
TMEM63C,0
CAMSAP3,124472244
PHRF1,1535020491
BTBD7,113398444
KIAA1522,595939623
PLCE1,0
CCDC88C,115576144
ARHGAP23,0
STIM2,352393533
VPS18,0
KIAA1468,342252023
DIP2B,115010244
KIAA1462,1694293824
SLAIN2,0
BCCIP,116290544
STK26,0
ABI3,0
CTTNBP2NL,117119744
IBTK,114597344
CHD7,0
HEATR5B,113042734
FAM135A,112848874
CHPF2,127672244
RRBP1,448292333
SIPA1L2,234736389
ANKIB1,175734244
CPSF2,725355733
RCOR3,274275489
MYEF2,423256489
EIF2AK4,0
CGN,854031012
ARHGAP28,113019284
HECW2,0
ANKFY1,0
RERE,480145178
GMPR2,0
STX18,112756784
ZNF219,0
MBD2,0
NCDN,0
TFIP11,496562978
EPS15L1,1019529557
MAGEC2,0
PI4KB,273451489
MRC2,119188244
XPR1,0
GNG12,248159489
MTRR,0
DHCR7,123165244
METTL1,113486744
GULP1,114320444
RNF14,0
SUCO,126173244
UBA2,0
CTNNAL1,0
FAM8A1,116481544
SEL1L,0
BIN2,678090323
ZMYM2,121646244
PPP1R1B,126539244
CLIP2,0
ZNF282,114088044
STK17A,0
ZNF629,117721944
DAXX,253937489
VTI1B,0
STK39,130832244
ADD3,914375012
DNAJC5B,0
LRWD1,406772783
SLC23A2,116180444
PRKAG2,0
KDM5B,112995794
FETUB,113822744
CD300A,0
LIMD1,625208173
SLC2A6,112943854
ZC3H7B,0
TCF20,229499269
HMGXB4,348566033
NDRG3,249780489
ARMCX3,0
SUN2,248989489
LIMA1,1790424591
AFF4,235798489
SRP68,0
TBK1,115998044
SEPTIN9,126346244
TRPS1,115709744
SLC7A8,0
DDX20,116996544
NUFIP1,0
BAIAP2L1,116515244
SAP30BP,232595789
MED13,243419289
SLC12A6,242221789
PUF60,0
NRBP1,371155333
FEZ2,0
EVL,433484233
EIF2B4,0
DACH1,0
CTNNA3,0
VPS51,0
ZNF639,231490689
BAZ2B,116625844
BAZ2A,120852544
BAZ1B,802621767
SLCO3A1,0
DAPK2,231089089
PHF11,0
LNPEP,0
MBD1,128105244
GGT7,124106244
NAGK,255388689
HOOK1,0
RIMS3,0
RASAL2,0
RPUSD1,0
ZFP69B,0
ERRFI1,119938944
DBNL,239586989
DDX41,250378689
CDC23,235394889
ANAPC4,0
GGA2,0
SERPINA10,0
CCNL1,943572212
DBR1,114461744
FAM208A,249418489
HN1,262125244
FBXL4,0
AKAP11,948144046
FBXL2,0
TNIK,362124633
APPL1,0
CDC42EP3,122462244
TLK1,113689344
GPATCH8,384155433
PARP4,981881426
RALY,1370449734
GTF3C4,145960244
PACSIN3,234624389
IKZF2,369694433
FBXO4,0
IKZF3,0
ACAD8,0
ANGPTL2,114288544
AMFR,0
NUP50,124393244
ZHX1,121889344
CDV3,0
INTS6,116380844
TBX21,0
TAOK2,114735144
EMCN,0
MTUS1,115213444
BRPF3,115704144
ZNF777,114223444
ZNF608,113743244
WWC3,344742433
DENND2A,229613189
PALD1,0
SLC39A10,0
INO80,0
CCPG1,0
KIDINS220,354284933
ASAP1,119019644
MKL2,0
ATAD2B,114739544
ZBTB21,342078933
PPP1R9A,113276244
GRID1,0
VANGL2,115974544
PLEKHG1,115433544
PRR12,839451812
SHROOM4,115793844
YEATS2,360242533
NDRG4,0
TBC1D24,127014244
TPCN1,114924544
TMCC3,124871244
TTC7A,370393533
HECTD1,114894944
ZMYND8,1380639846
CIZ1,0
NOB1,122046444
AKAP8L,0
SLC7A7,0
FZR1,0
MGAT4A,0
MYO6,0
COL17A1,349105833
KMT2B,931164256
SYNPO2,1757278946
SUFU,0
BOK,0
SYNRG,703563667
NDRG2,377320833
VPS4A,0
SLC6A14,0
SOX13,0
L1RE1,0
G3BP2,329910489
ARHGAP26,0
STUB1,255853389
MAGED2,230085789
SSR3,263683489
TIMELESS,0
NSFL1C,168178244
PLA2G4C,118102144
COG5,118490044
SLC12A4,362410733
GPR34,282028489
LHX6,0
MACF1,860120012
CEP131,232332489
SCAF8,283212889
PPP6R1,0
TRIM33,114119344
PHF8,114915744
AGAP1,0
PDZRN3,119412644
TNRC6B,0
PLCL2,120434144
SMG5,0
SETD1B,342445033
MAPK8IP3,112509254
ZC3H4,375693933
USP24,285656689
TBC1D2B,161187244
SAMD4A,119834544
CEP164,0
TRAK1,0
FOXJ3,0
SHANK2,0
DICER1,0
HPS5,0
DNM3,0
NEU3,0
PA2G4,203278244
CDK11A,0
CTNND2,113888544
BAIAP2,113684644
GAB2,0
SMC3,264529089
HDAC5,116220544
CHMP2B,141774244
TNN,0
SH2B3,114037244
SCML2,0
ZNF148,121791344
TRPC6,120998744
MTMR7,0
MTMR6,121591844
CDYL,126478244
HIGD1A,0
LZTS1,0
FOXA2,0
PLAA,0
NUDC,0
CYSLTR1,250977889
INVS,0
WDR83OS,0
SIGLEC7,141690244
ASF1A,0
VPS9D1,0
SSX2IP,0
ZNF652,0
DIP2C,0
ICE1,364434833
ATP11B,121216744
DLGAP4,347081203
INPP5F,121212044
PLEKHA6,639484723
FNDC3A,123557244
NISCH,118767944
NINL,0
PIKFYVE,0
TBC1D30,0
EPB41L3,479481068
AMOTL2,114833244
ZBTB1,119585244
SIK3,0
R3HDM2,113897744
USP20,124617244
KDM2A,486812178
STXBP5L,0
TRAPPC8,113483944
FRMD4B,112495604
LRCH1,362104833
ATP8A1,129179244
PTPN22,113449444
MAP3K2,368279733
LEMD3,113440744
CARHSP1,589434978
WBP11,115839844
TDRKH,0
MED16,0
NOP58,512112489
GIT1,423733733
ZNF281,0
KLF13,0
NOSIP,0
TMX2,120665144
SIGLEC9,0
PLLP,0
STARD10,0
LUC7L2,116801744
UBE2J1,112784874
RBMX2,168431244
RRP15,0
CCDC53,0
RNF11,237040089
MRPS16,0
HDGFRP3,0
CHMP3,156405244
SH3BP1,425533233
CBY1,0
STARD13,346866133
SIT1,0
RABGAP1,234135399
TSC22D4,114518644
DOPEY2,248169789
ZNF330,114759744
NOC2L,415424733
CCDC9,247869089
SAMHD1,464659489
C2CD2,0
PKP3,599336123
SALL2,0
L3MBTL1,0
PRKAB1,221415244
DMXL1,480227778
ATP6V0A2,130670244
TLN1,1250458146
TLN1;TLN2,0
KIF3A,0
TRRAP,392289333
MTCL1,0
VPRBP,0
KDM3A,0
DAAM1,227775069
DAGLA,0
PLXND1,0
HECTD4,117562844
FAM21C,114840844
FAM21C;FAM21D,113191044
WDR7,229215989
USP15,0
FARP1,975962157
KIAA0430,0
CEP170B,1186910746
FAM65B,116978044
PLEKHM1,0
TLN2,203847244
RAPGEF2,118204144
IRS2,113545644
GPSM3,139982244
MYO5A,351954733
DTNA,231810289
AIM1,121085244
TRAF6,0
MAP4K5,117339044
HYOU1,127791244
ATG4B,112474604
WIPI2,124693244
LAS1L,114514144
TMEM184B,0
PRRC2C,114905444
YIPF1,0
PPME1,0
RIPK3,124461244
TRIM17,0
RBM7,129998244
KCTD3,114320244
YTHDF2,0
CTDP1,0
PAXBP1,113367244
SUPT16H,0
UTP18,751904623
CD2AP,234281289
SRPRB,112963014
COL4A3BP,0
GTF3C3,141549244
TRPV2,114419444
CDC42BPB,248441589
RBM8A,251441289
USP16,117953344
TSSC4,0
SNX14,113982344
SNX13,114312244
SNX9,0
SNX8,118385044
SNX5,112534034
FLVCR1,123213244
PTGDR2,0
PEX16,0
HEBP2,0
PUS1,119580244
LRRFIP2,701735638
FHOD1,0
F11R,359086533
SPIN1,115607644
SLC12A7,526447178
COPG1,0
AUP1,116441344
CLIC4,0
TACC3,0
SPCS1,0
AP4B1,114990444
EMILIN1,115038544
ARFGEF2,649613923
ARFGEF1,117975944
MAD1L1,127431244
MRVI1,233408289
DYNC1LI1,263307989
EPN1,508782278
TEX264,0
CABIN1,0
TAF6L,117981244
DNMT3A,124763244
IKBKG,115518844
IGF2BP2,230847989
CSNK1G3,0
SLC4A7,387924133
SQRDL,121293944
ROBO1,0
SESN1,0
AP1M2,0
NCOA3,114828944
NUMBL,242275789
SLC4A4,0
MAP3K4,0
CCDC61,392771733
WASF2,0
SETBP1,0
FAM169A,0
MYO16,0
MORC2,119363944
IVNS1ABP,0
SEC23IP,114219244
